School ID,School Name,Year,Graduates,Enrollments,Enrollment Pct
400013,ASPIRA - EARLY COLLEGE HS,2010,0,0,0
400013,ASPIRA - EARLY COLLEGE HS,2011,113,57,0.504
400013,ASPIRA - EARLY COLLEGE HS,2012,87,46,0.529
400013,ASPIRA - EARLY COLLEGE HS,2013,49,35,0.714
400013,ASPIRA - EARLY COLLEGE HS,2014,112,45,0.402
400013,ASPIRA - EARLY COLLEGE HS,2015,78,23,0.295
400013,ASPIRA - EARLY COLLEGE HS,2017,93,50,0.538
400013,ASPIRA - EARLY COLLEGE HS,2018,83,49,0.59
400013,ASPIRA - EARLY COLLEGE HS,2019,75,30,0.4
400013,ASPIRA - EARLY COLLEGE HS,2020,82,25,0.305
400013,ASPIRA - EARLY COLLEGE HS,2016,103,57,0.553
400017,ASPIRA - HAUGAN,2010,0,0,0
400017,ASPIRA - HAUGAN,2011,0,0,0
400017,ASPIRA - HAUGAN,2012,0,0,0
400017,ASPIRA - HAUGAN,2013,0,0,0
400017,ASPIRA - HAUGAN,2014,0,0,0
400017,ASPIRA - HAUGAN,2015,0,0,0
400017,ASPIRA - HAUGAN,2017,0,0,0
400017,ASPIRA - HAUGAN,2018,0,0,0
400017,ASPIRA - HAUGAN,2019,0,0,0
400017,ASPIRA - HAUGAN,2020,1,,
400017,ASPIRA - HAUGAN,2016,0,0,0
400022,CHIARTS HS,2010,0,0,0
400022,CHIARTS HS,2011,0,0,0
400022,CHIARTS HS,2012,0,0,0
400022,CHIARTS HS,2013,129,92,0.713
400022,CHIARTS HS,2014,130,108,0.831
400022,CHIARTS HS,2015,113,90,0.796
400022,CHIARTS HS,2017,126,96,0.762
400022,CHIARTS HS,2018,146,117,0.801
400022,CHIARTS HS,2019,133,114,0.857
400022,CHIARTS HS,2020,139,102,0.734
400022,CHIARTS HS,2016,112,90,0.804
400032,CICS - ELLISON HS,2010,93,71,0.763
400032,CICS - ELLISON HS,2011,95,61,0.642
400032,CICS - ELLISON HS,2012,116,76,0.655
400032,CICS - ELLISON HS,2013,117,88,0.752
400032,CICS - ELLISON HS,2014,86,59,0.686
400032,CICS - ELLISON HS,2015,98,63,0.643
400032,CICS - ELLISON HS,2017,67,46,0.687
400032,CICS - ELLISON HS,2018,72,47,0.653
400032,CICS - ELLISON HS,2019,101,62,0.614
400032,CICS - ELLISON HS,2020,70,29,0.414
400032,CICS - ELLISON HS,2016,89,45,0.506
400033,CICS - LONGWOOD,2010,100,76,0.76
400033,CICS - LONGWOOD,2011,81,53,0.654
400033,CICS - LONGWOOD,2012,130,97,0.746
400033,CICS - LONGWOOD,2013,118,68,0.576
400033,CICS - LONGWOOD,2014,89,64,0.719
400033,CICS - LONGWOOD,2015,77,50,0.649
400033,CICS - LONGWOOD,2017,100,60,0.6
400033,CICS - LONGWOOD,2018,107,52,0.486
400033,CICS - LONGWOOD,2019,87,44,0.506
400033,CICS - LONGWOOD,2020,94,32,0.34
400033,CICS - LONGWOOD,2016,87,39,0.448
400034,CICS - NORTHTOWN HS,2010,174,125,0.718
400034,CICS - NORTHTOWN HS,2011,203,135,0.665
400034,CICS - NORTHTOWN HS,2012,173,129,0.746
400034,CICS - NORTHTOWN HS,2013,161,120,0.745
400034,CICS - NORTHTOWN HS,2014,192,153,0.797
400034,CICS - NORTHTOWN HS,2015,167,128,0.766
400034,CICS - NORTHTOWN HS,2017,190,152,0.8
400034,CICS - NORTHTOWN HS,2018,178,145,0.815
400034,CICS - NORTHTOWN HS,2019,207,151,0.729
400034,CICS - NORTHTOWN HS,2020,208,132,0.635
400034,CICS - NORTHTOWN HS,2016,176,132,0.75
400035,CHICAGO MATH & SCIENCE HS,2010,58,30,0.517
400035,CHICAGO MATH & SCIENCE HS,2011,61,29,0.475
400035,CHICAGO MATH & SCIENCE HS,2012,62,35,0.565
400035,CHICAGO MATH & SCIENCE HS,2013,69,39,0.565
400035,CHICAGO MATH & SCIENCE HS,2014,78,61,0.782
400035,CHICAGO MATH & SCIENCE HS,2015,75,54,0.72
400035,CHICAGO MATH & SCIENCE HS,2017,86,73,0.849
400035,CHICAGO MATH & SCIENCE HS,2018,84,59,0.702
400035,CHICAGO MATH & SCIENCE HS,2019,81,67,0.827
400035,CHICAGO MATH & SCIENCE HS,2020,72,45,0.625
400035,CHICAGO MATH & SCIENCE HS,2016,71,51,0.718
400036,CHICAGO VIRTUAL,2010,0,0,0
400036,CHICAGO VIRTUAL,2011,9,,
400036,CHICAGO VIRTUAL,2012,9,,
400036,CHICAGO VIRTUAL,2013,23,16,0.696
400036,CHICAGO VIRTUAL,2014,22,13,0.591
400036,CHICAGO VIRTUAL,2015,25,17,0.68
400036,CHICAGO VIRTUAL,2017,25,11,0.44
400036,CHICAGO VIRTUAL,2018,40,20,0.5
400036,CHICAGO VIRTUAL,2019,21,15,0.714
400036,CHICAGO VIRTUAL,2020,51,24,0.471
400036,CHICAGO VIRTUAL,2016,31,14,0.452
400051,NOBLE - NOBLE HS,2010,106,72,0.679
400051,NOBLE - NOBLE HS,2011,117,98,0.838
400051,NOBLE - NOBLE HS,2012,124,96,0.774
400051,NOBLE - NOBLE HS,2013,134,113,0.843
400051,NOBLE - NOBLE HS,2014,126,111,0.881
400051,NOBLE - NOBLE HS,2015,144,122,0.847
400051,NOBLE - NOBLE HS,2017,142,131,0.923
400051,NOBLE - NOBLE HS,2018,133,115,0.865
400051,NOBLE - NOBLE HS,2019,145,128,0.883
400051,NOBLE - NOBLE HS,2020,165,143,0.867
400051,NOBLE - NOBLE HS,2016,138,121,0.877
400052,NOBLE - COMER,2010,0,0,0
400052,NOBLE - COMER,2011,0,0,0
400052,NOBLE - COMER,2012,101,96,0.95
400052,NOBLE - COMER,2013,124,108,0.871
400052,NOBLE - COMER,2014,127,111,0.874
400052,NOBLE - COMER,2015,139,117,0.842
400052,NOBLE - COMER,2017,135,119,0.881
400052,NOBLE - COMER,2018,140,121,0.864
400052,NOBLE - COMER,2019,156,129,0.827
400052,NOBLE - COMER,2020,182,133,0.731
400052,NOBLE - COMER,2016,143,128,0.895
400053,NOBLE - GOLDER HS,2010,0,0,0
400053,NOBLE - GOLDER HS,2011,92,71,0.772
400053,NOBLE - GOLDER HS,2012,103,82,0.796
400053,NOBLE - GOLDER HS,2013,118,92,0.78
400053,NOBLE - GOLDER HS,2014,128,97,0.758
400053,NOBLE - GOLDER HS,2015,128,103,0.805
400053,NOBLE - GOLDER HS,2017,139,121,0.871
400053,NOBLE - GOLDER HS,2018,133,121,0.91
400053,NOBLE - GOLDER HS,2019,141,126,0.894
400053,NOBLE - GOLDER HS,2020,136,107,0.787
400053,NOBLE - GOLDER HS,2016,132,107,0.811
400054,NOBLE - PRITZKER HS,2010,109,81,0.743
400054,NOBLE - PRITZKER HS,2011,105,79,0.752
400054,NOBLE - PRITZKER HS,2012,122,104,0.852
400054,NOBLE - PRITZKER HS,2013,167,124,0.743
400054,NOBLE - PRITZKER HS,2014,159,130,0.818
400054,NOBLE - PRITZKER HS,2015,189,162,0.857
400054,NOBLE - PRITZKER HS,2017,206,186,0.903
400054,NOBLE - PRITZKER HS,2018,205,178,0.868
400054,NOBLE - PRITZKER HS,2019,196,171,0.872
400054,NOBLE - PRITZKER HS,2020,245,210,0.857
400054,NOBLE - PRITZKER HS,2016,193,170,0.881
400055,NOBLE - RAUNER HS,2010,97,64,0.66
400055,NOBLE - RAUNER HS,2011,102,72,0.706
400055,NOBLE - RAUNER HS,2012,109,85,0.78
400055,NOBLE - RAUNER HS,2013,127,107,0.843
400055,NOBLE - RAUNER HS,2014,132,113,0.856
400055,NOBLE - RAUNER HS,2015,136,105,0.772
400055,NOBLE - RAUNER HS,2017,132,115,0.871
400055,NOBLE - RAUNER HS,2018,124,100,0.806
400055,NOBLE - RAUNER HS,2019,158,132,0.835
400055,NOBLE - RAUNER HS,2020,137,109,0.796
400055,NOBLE - RAUNER HS,2016,117,100,0.855
400056,NOBLE - ROWE CLARK HS,2010,0,0,0
400056,NOBLE - ROWE CLARK HS,2011,87,72,0.828
400056,NOBLE - ROWE CLARK HS,2012,107,77,0.72
400056,NOBLE - ROWE CLARK HS,2013,109,83,0.761
400056,NOBLE - ROWE CLARK HS,2014,110,86,0.782
400056,NOBLE - ROWE CLARK HS,2015,130,100,0.769
400056,NOBLE - ROWE CLARK HS,2017,117,86,0.735
400056,NOBLE - ROWE CLARK HS,2018,114,85,0.746
400056,NOBLE - ROWE CLARK HS,2019,80,46,0.575
400056,NOBLE - ROWE CLARK HS,2020,88,47,0.534
400056,NOBLE - ROWE CLARK HS,2016,119,92,0.773
400057,NOBLE - UIC HS,2010,0,0,0
400057,NOBLE - UIC HS,2011,0,0,0
400057,NOBLE - UIC HS,2012,148,82,0.554
400057,NOBLE - UIC HS,2013,148,123,0.831
400057,NOBLE - UIC HS,2014,179,165,0.922
400057,NOBLE - UIC HS,2015,184,162,0.88
400057,NOBLE - UIC HS,2017,181,163,0.901
400057,NOBLE - UIC HS,2018,210,193,0.919
400057,NOBLE - UIC HS,2019,185,170,0.919
400057,NOBLE - UIC HS,2020,212,179,0.844
400057,NOBLE - UIC HS,2016,198,176,0.889
400058,NLCP - CHRISTIANA HS,2010,63,49,0.778
400058,NLCP - CHRISTIANA HS,2011,97,60,0.619
400058,NLCP - CHRISTIANA HS,2012,94,60,0.638
400058,NLCP - CHRISTIANA HS,2013,85,65,0.765
400058,NLCP - CHRISTIANA HS,2014,101,81,0.802
400058,NLCP - CHRISTIANA HS,2015,76,50,0.658
400058,NLCP - CHRISTIANA HS,2017,78,59,0.756
400058,NLCP - CHRISTIANA HS,2018,74,45,0.608
400058,NLCP - CHRISTIANA HS,2019,86,46,0.535
400058,NLCP - CHRISTIANA HS,2020,72,48,0.667
400058,NLCP - CHRISTIANA HS,2016,84,57,0.679
400059,NLCP - COLLINS HS,2010,0,0,0
400059,NLCP - COLLINS HS,2011,99,65,0.657
400059,NLCP - COLLINS HS,2012,85,58,0.682
400059,NLCP - COLLINS HS,2013,73,46,0.63
400059,NLCP - COLLINS HS,2014,86,60,0.698
400059,NLCP - COLLINS HS,2015,76,48,0.632
400059,NLCP - COLLINS HS,2017,65,48,0.738
400059,NLCP - COLLINS HS,2018,67,43,0.642
400059,NLCP - COLLINS HS,2019,86,56,0.651
400059,NLCP - COLLINS HS,2020,75,44,0.587
400059,NLCP - COLLINS HS,2016,75,57,0.76
400061,PERSPECTIVES - LEADERSHIP HS,2010,69,45,0.652
400061,PERSPECTIVES - LEADERSHIP HS,2011,98,75,0.765
400061,PERSPECTIVES - LEADERSHIP HS,2012,66,51,0.773
400061,PERSPECTIVES - LEADERSHIP HS,2013,96,66,0.688
400061,PERSPECTIVES - LEADERSHIP HS,2014,86,51,0.593
400061,PERSPECTIVES - LEADERSHIP HS,2015,109,58,0.532
400061,PERSPECTIVES - LEADERSHIP HS,2017,83,52,0.627
400061,PERSPECTIVES - LEADERSHIP HS,2018,86,52,0.605
400061,PERSPECTIVES - LEADERSHIP HS,2019,86,47,0.547
400061,PERSPECTIVES - LEADERSHIP HS,2020,58,21,0.362
400061,PERSPECTIVES - LEADERSHIP HS,2016,87,55,0.632
400062,PERSPECTIVES - TECH HS,2010,41,30,0.732
400062,PERSPECTIVES - TECH HS,2011,86,65,0.756
400062,PERSPECTIVES - TECH HS,2012,94,63,0.67
400062,PERSPECTIVES - TECH HS,2013,92,57,0.62
400062,PERSPECTIVES - TECH HS,2014,104,60,0.577
400062,PERSPECTIVES - TECH HS,2015,103,78,0.757
400062,PERSPECTIVES - TECH HS,2017,92,57,0.62
400062,PERSPECTIVES - TECH HS,2018,73,39,0.534
400062,PERSPECTIVES - TECH HS,2019,78,49,0.628
400062,PERSPECTIVES - TECH HS,2020,69,32,0.464
400062,PERSPECTIVES - TECH HS,2016,107,73,0.682
400064,PERSPECTIVES - JOSLIN HS,2010,39,30,0.769
400064,PERSPECTIVES - JOSLIN HS,2011,41,31,0.756
400064,PERSPECTIVES - JOSLIN HS,2012,34,23,0.676
400064,PERSPECTIVES - JOSLIN HS,2013,51,34,0.667
400064,PERSPECTIVES - JOSLIN HS,2014,44,31,0.705
400064,PERSPECTIVES - JOSLIN HS,2015,49,40,0.816
400064,PERSPECTIVES - JOSLIN HS,2017,51,42,0.824
400064,PERSPECTIVES - JOSLIN HS,2018,57,46,0.807
400064,PERSPECTIVES - JOSLIN HS,2019,58,30,0.517
400064,PERSPECTIVES - JOSLIN HS,2020,53,30,0.566
400064,PERSPECTIVES - JOSLIN HS,2016,57,33,0.579
400066,PERSPECTIVES - MATH & SCI HS,2010,0,0,0
400066,PERSPECTIVES - MATH & SCI HS,2011,0,0,0
400066,PERSPECTIVES - MATH & SCI HS,2012,64,45,0.703
400066,PERSPECTIVES - MATH & SCI HS,2013,50,32,0.64
400066,PERSPECTIVES - MATH & SCI HS,2014,52,40,0.769
400066,PERSPECTIVES - MATH & SCI HS,2015,77,48,0.623
400066,PERSPECTIVES - MATH & SCI HS,2017,88,67,0.761
400066,PERSPECTIVES - MATH & SCI HS,2018,62,37,0.597
400066,PERSPECTIVES - MATH & SCI HS,2019,108,66,0.611
400066,PERSPECTIVES - MATH & SCI HS,2020,106,59,0.557
400066,PERSPECTIVES - MATH & SCI HS,2016,68,44,0.647
400077,U OF C - WOODLAWN HS,2010,53,42,0.792
400077,U OF C - WOODLAWN HS,2011,58,46,0.793
400077,U OF C - WOODLAWN HS,2012,54,45,0.833
400077,U OF C - WOODLAWN HS,2013,45,30,0.667
400077,U OF C - WOODLAWN HS,2014,55,39,0.709
400077,U OF C - WOODLAWN HS,2015,51,41,0.804
400077,U OF C - WOODLAWN HS,2017,70,54,0.771
400077,U OF C - WOODLAWN HS,2018,78,58,0.744
400077,U OF C - WOODLAWN HS,2019,88,74,0.841
400077,U OF C - WOODLAWN HS,2020,82,56,0.683
400077,U OF C - WOODLAWN HS,2016,83,63,0.759
400085,ACERO - GARCIA HS,2010,0,0,0
400085,ACERO - GARCIA HS,2011,0,0,0
400085,ACERO - GARCIA HS,2012,105,70,0.667
400085,ACERO - GARCIA HS,2013,116,87,0.75
400085,ACERO - GARCIA HS,2014,140,93,0.664
400085,ACERO - GARCIA HS,2015,127,80,0.63
400085,ACERO - GARCIA HS,2017,126,90,0.714
400085,ACERO - GARCIA HS,2018,151,97,0.642
400085,ACERO - GARCIA HS,2019,168,111,0.661
400085,ACERO - GARCIA HS,2020,155,91,0.587
400085,ACERO - GARCIA HS,2016,144,95,0.66
400086,URBAN PREP - ENGLEWOOD HS,2010,107,81,0.757
400086,URBAN PREP - ENGLEWOOD HS,2011,93,86,0.925
400086,URBAN PREP - ENGLEWOOD HS,2012,85,68,0.8
400086,URBAN PREP - ENGLEWOOD HS,2013,91,72,0.791
400086,URBAN PREP - ENGLEWOOD HS,2014,63,52,0.825
400086,URBAN PREP - ENGLEWOOD HS,2015,82,55,0.671
400086,URBAN PREP - ENGLEWOOD HS,2017,71,54,0.761
400086,URBAN PREP - ENGLEWOOD HS,2018,72,51,0.708
400086,URBAN PREP - ENGLEWOOD HS,2019,57,41,0.719
400086,URBAN PREP - ENGLEWOOD HS,2020,48,24,0.5
400086,URBAN PREP - ENGLEWOOD HS,2016,103,77,0.748
400091,CHICAGO TECH HS,2010,0,0,0
400091,CHICAGO TECH HS,2011,0,0,0
400091,CHICAGO TECH HS,2012,0,0,0
400091,CHICAGO TECH HS,2013,66,36,0.545
400091,CHICAGO TECH HS,2014,27,13,0.481
400091,CHICAGO TECH HS,2015,60,36,0.6
400091,CHICAGO TECH HS,2017,78,44,0.564
400091,CHICAGO TECH HS,2018,60,38,0.633
400091,CHICAGO TECH HS,2019,40,22,0.55
400091,CHICAGO TECH HS,2020,45,14,0.311
400091,CHICAGO TECH HS,2016,71,45,0.634
400094,EPIC HS,2010,0,0,0
400094,EPIC HS,2011,0,0,0
400094,EPIC HS,2012,0,0,0
400094,EPIC HS,2013,59,34,0.576
400094,EPIC HS,2014,69,36,0.522
400094,EPIC HS,2015,88,64,0.727
400094,EPIC HS,2017,76,64,0.842
400094,EPIC HS,2018,69,54,0.783
400094,EPIC HS,2019,111,60,0.541
400094,EPIC HS,2020,95,48,0.505
400094,EPIC HS,2016,84,68,0.81
400097,NOBLE - BULLS HS,2010,0,0,0
400097,NOBLE - BULLS HS,2011,0,0,0
400097,NOBLE - BULLS HS,2012,0,0,0
400097,NOBLE - BULLS HS,2013,165,138,0.836
400097,NOBLE - BULLS HS,2014,184,153,0.832
400097,NOBLE - BULLS HS,2015,173,146,0.844
400097,NOBLE - BULLS HS,2017,230,213,0.926
400097,NOBLE - BULLS HS,2018,236,212,0.898
400097,NOBLE - BULLS HS,2019,235,206,0.877
400097,NOBLE - BULLS HS,2020,236,195,0.826
400097,NOBLE - BULLS HS,2016,197,170,0.863
400098,NOBLE - MUCHIN HS,2010,0,0,0
400098,NOBLE - MUCHIN HS,2011,0,0,0
400098,NOBLE - MUCHIN HS,2012,0,0,0
400098,NOBLE - MUCHIN HS,2013,170,148,0.871
400098,NOBLE - MUCHIN HS,2014,228,202,0.886
400098,NOBLE - MUCHIN HS,2015,181,160,0.884
400098,NOBLE - MUCHIN HS,2017,200,183,0.915
400098,NOBLE - MUCHIN HS,2018,210,189,0.9
400098,NOBLE - MUCHIN HS,2019,199,173,0.869
400098,NOBLE - MUCHIN HS,2020,227,171,0.753
400098,NOBLE - MUCHIN HS,2016,165,147,0.891
400104,INSTITUTO - HEALTH,2010,0,0,0
400104,INSTITUTO - HEALTH,2011,0,0,0
400104,INSTITUTO - HEALTH,2012,0,0,0
400104,INSTITUTO - HEALTH,2013,0,0,0
400104,INSTITUTO - HEALTH,2014,132,77,0.583
400104,INSTITUTO - HEALTH,2015,133,75,0.564
400104,INSTITUTO - HEALTH,2017,195,133,0.682
400104,INSTITUTO - HEALTH,2018,150,73,0.487
400104,INSTITUTO - HEALTH,2019,149,77,0.517
400104,INSTITUTO - HEALTH,2020,150,44,0.293
400104,INSTITUTO - HEALTH,2016,164,99,0.604
400105,URBAN PREP - BRONZEVILLE HS,2010,0,0,0
400105,URBAN PREP - BRONZEVILLE HS,2011,0,0,0
400105,URBAN PREP - BRONZEVILLE HS,2012,0,0,0
400105,URBAN PREP - BRONZEVILLE HS,2013,0,0,0
400105,URBAN PREP - BRONZEVILLE HS,2014,98,81,0.827
400105,URBAN PREP - BRONZEVILLE HS,2015,108,81,0.75
400105,URBAN PREP - BRONZEVILLE HS,2017,77,70,0.909
400105,URBAN PREP - BRONZEVILLE HS,2018,84,63,0.75
400105,URBAN PREP - BRONZEVILLE HS,2019,56,37,0.661
400105,URBAN PREP - BRONZEVILLE HS,2020,50,27,0.54
400105,URBAN PREP - BRONZEVILLE HS,2016,99,72,0.727
400106,NOBLE - JOHNSON HS,2010,0,0,0
400106,NOBLE - JOHNSON HS,2011,0,0,0
400106,NOBLE - JOHNSON HS,2012,0,0,0
400106,NOBLE - JOHNSON HS,2013,0,0,0
400106,NOBLE - JOHNSON HS,2014,117,103,0.88
400106,NOBLE - JOHNSON HS,2015,144,117,0.813
400106,NOBLE - JOHNSON HS,2017,153,117,0.765
400106,NOBLE - JOHNSON HS,2018,140,106,0.757
400106,NOBLE - JOHNSON HS,2019,179,145,0.81
400106,NOBLE - JOHNSON HS,2020,145,90,0.621
400106,NOBLE - JOHNSON HS,2016,152,132,0.868
400113,CICS - CHICAGOQUEST HS,2010,0,0,0
400113,CICS - CHICAGOQUEST HS,2011,0,0,0
400113,CICS - CHICAGOQUEST HS,2012,0,0,0
400113,CICS - CHICAGOQUEST HS,2013,0,0,0
400113,CICS - CHICAGOQUEST HS,2014,0,0,0
400113,CICS - CHICAGOQUEST HS,2015,4,,
400113,CICS - CHICAGOQUEST HS,2017,61,38,0.623
400113,CICS - CHICAGOQUEST HS,2018,48,30,0.625
400113,CICS - CHICAGOQUEST HS,2019,47,22,0.468
400113,CICS - CHICAGOQUEST HS,2020,53,21,0.396
400113,CICS - CHICAGOQUEST HS,2016,5,,
400115,CATALYST - MARIA,2010,0,0,0
400115,CATALYST - MARIA,2011,0,0,0
400115,CATALYST - MARIA,2012,0,0,0
400115,CATALYST - MARIA,2013,0,0,0
400115,CATALYST - MARIA,2014,25,11,0.44
400115,CATALYST - MARIA,2015,26,20,0.769
400115,CATALYST - MARIA,2017,126,94,0.746
400115,CATALYST - MARIA,2018,111,76,0.685
400115,CATALYST - MARIA,2019,124,89,0.718
400115,CATALYST - MARIA,2020,96,50,0.521
400115,CATALYST - MARIA,2016,129,87,0.674
400117,NOBLE - HANSBERRY HS,2010,0,0,0
400117,NOBLE - HANSBERRY HS,2011,0,0,0
400117,NOBLE - HANSBERRY HS,2012,0,0,0
400117,NOBLE - HANSBERRY HS,2013,0,0,0
400117,NOBLE - HANSBERRY HS,2014,0,0,0
400117,NOBLE - HANSBERRY HS,2015,0,0,0
400117,NOBLE - HANSBERRY HS,2017,142,122,0.859
400117,NOBLE - HANSBERRY HS,2018,127,102,0.803
400117,NOBLE - HANSBERRY HS,2019,106,91,0.858
400117,NOBLE - HANSBERRY HS,2020,105,79,0.752
400117,NOBLE - HANSBERRY HS,2016,140,121,0.864
400118,NOBLE - DRW HS,2010,0,0,0
400118,NOBLE - DRW HS,2011,0,0,0
400118,NOBLE - DRW HS,2012,0,0,0
400118,NOBLE - DRW HS,2013,0,0,0
400118,NOBLE - DRW HS,2014,0,0,0
400118,NOBLE - DRW HS,2015,0,0,0
400118,NOBLE - DRW HS,2017,106,84,0.792
400118,NOBLE - DRW HS,2018,67,54,0.806
400118,NOBLE - DRW HS,2019,93,68,0.731
400118,NOBLE - DRW HS,2020,81,45,0.556
400118,NOBLE - DRW HS,2016,148,109,0.736
400119,LEGAL PREP HS,2010,0,0,0
400119,LEGAL PREP HS,2011,0,0,0
400119,LEGAL PREP HS,2012,0,0,0
400119,LEGAL PREP HS,2013,0,0,0
400119,LEGAL PREP HS,2014,0,0,0
400119,LEGAL PREP HS,2015,0,0,0
400119,LEGAL PREP HS,2017,35,24,0.686
400119,LEGAL PREP HS,2018,45,22,0.489
400119,LEGAL PREP HS,2019,54,40,0.741
400119,LEGAL PREP HS,2020,71,44,0.62
400119,LEGAL PREP HS,2016,91,55,0.604
400121,ACERO - DE LA CRUZ,2010,0,0,0
400121,ACERO - DE LA CRUZ,2011,0,0,0
400121,ACERO - DE LA CRUZ,2012,0,0,0
400121,ACERO - DE LA CRUZ,2013,0,0,0
400121,ACERO - DE LA CRUZ,2014,0,0,0
400121,ACERO - DE LA CRUZ,2015,0,0,0
400121,ACERO - DE LA CRUZ,2017,42,19,0.452
400121,ACERO - DE LA CRUZ,2018,54,36,0.667
400121,ACERO - DE LA CRUZ,2019,43,17,0.395
400121,ACERO - DE LA CRUZ,2020,26,15,0.577
400121,ACERO - DE LA CRUZ,2016,0,0,0
400123,YCCS - SCHOLASTIC ACHIEVEMENT,2010,0,0,0
400123,YCCS - SCHOLASTIC ACHIEVEMENT,2011,0,0,0
400123,YCCS - SCHOLASTIC ACHIEVEMENT,2012,0,0,0
400123,YCCS - SCHOLASTIC ACHIEVEMENT,2013,35,9,0.257
400123,YCCS - SCHOLASTIC ACHIEVEMENT,2014,36,5,0.139
400123,YCCS - SCHOLASTIC ACHIEVEMENT,2015,56,5,0.089
400123,YCCS - SCHOLASTIC ACHIEVEMENT,2017,65,9,0.138
400123,YCCS - SCHOLASTIC ACHIEVEMENT,2018,61,7,0.115
400123,YCCS - SCHOLASTIC ACHIEVEMENT,2019,67,23,0.343
400123,YCCS - SCHOLASTIC ACHIEVEMENT,2020,58,7,0.121
400123,YCCS - SCHOLASTIC ACHIEVEMENT,2016,55,6,0.109
400124,YCCS - MCKINLEY,2010,0,0,0
400124,YCCS - MCKINLEY,2011,0,0,0
400124,YCCS - MCKINLEY,2012,0,0,0
400124,YCCS - MCKINLEY,2013,46,10,0.217
400124,YCCS - MCKINLEY,2014,54,9,0.167
400124,YCCS - MCKINLEY,2015,48,6,0.125
400124,YCCS - MCKINLEY,2017,98,12,0.122
400124,YCCS - MCKINLEY,2018,57,9,0.158
400124,YCCS - MCKINLEY,2019,65,5,0.077
400124,YCCS - MCKINLEY,2020,74,11,0.149
400124,YCCS - MCKINLEY,2016,82,5,0.061
400125,YCCS - ASPIRA PANTOJA,2010,0,0,0
400125,YCCS - ASPIRA PANTOJA,2011,0,0,0
400125,YCCS - ASPIRA PANTOJA,2012,0,0,0
400125,YCCS - ASPIRA PANTOJA,2013,37,6,0.162
400125,YCCS - ASPIRA PANTOJA,2014,66,9,0.136
400125,YCCS - ASPIRA PANTOJA,2015,48,2,0.042
400125,YCCS - ASPIRA PANTOJA,2017,64,17,0.266
400125,YCCS - ASPIRA PANTOJA,2018,48,10,0.208
400125,YCCS - ASPIRA PANTOJA,2019,47,7,0.149
400125,YCCS - ASPIRA PANTOJA,2020,80,9,0.113
400125,YCCS - ASPIRA PANTOJA,2016,51,8,0.157
400126,YCCS - ASSOCIATION HOUSE,2010,0,0,0
400126,YCCS - ASSOCIATION HOUSE,2011,0,0,0
400126,YCCS - ASSOCIATION HOUSE,2012,0,0,0
400126,YCCS - ASSOCIATION HOUSE,2013,55,11,0.2
400126,YCCS - ASSOCIATION HOUSE,2014,60,13,0.217
400126,YCCS - ASSOCIATION HOUSE,2015,44,3,0.068
400126,YCCS - ASSOCIATION HOUSE,2017,51,4,0.078
400126,YCCS - ASSOCIATION HOUSE,2018,38,8,0.211
400126,YCCS - ASSOCIATION HOUSE,2019,36,5,0.139
400126,YCCS - ASSOCIATION HOUSE,2020,50,4,0.08
400126,YCCS - ASSOCIATION HOUSE,2016,41,5,0.122
400127,YCCS - AUSTIN CAREER,2010,0,0,0
400127,YCCS - AUSTIN CAREER,2011,0,0,0
400127,YCCS - AUSTIN CAREER,2012,0,0,0
400127,YCCS - AUSTIN CAREER,2013,105,24,0.229
400127,YCCS - AUSTIN CAREER,2014,112,17,0.152
400127,YCCS - AUSTIN CAREER,2015,141,21,0.149
400127,YCCS - AUSTIN CAREER,2017,76,5,0.066
400127,YCCS - AUSTIN CAREER,2018,77,6,0.078
400127,YCCS - AUSTIN CAREER,2019,62,4,0.065
400127,YCCS - AUSTIN CAREER,2020,45,3,0.067
400127,YCCS - AUSTIN CAREER,2016,85,9,0.106
400128,YCCS - CCA ACADEMY,2010,0,0,0
400128,YCCS - CCA ACADEMY,2011,0,0,0
400128,YCCS - CCA ACADEMY,2012,0,0,0
400128,YCCS - CCA ACADEMY,2013,42,10,0.238
400128,YCCS - CCA ACADEMY,2014,41,3,0.073
400128,YCCS - CCA ACADEMY,2015,48,3,0.063
400128,YCCS - CCA ACADEMY,2017,72,12,0.167
400128,YCCS - CCA ACADEMY,2018,51,7,0.137
400128,YCCS - CCA ACADEMY,2019,60,5,0.083
400128,YCCS - CCA ACADEMY,2020,56,4,0.071
400128,YCCS - CCA ACADEMY,2016,60,5,0.083
400129,YCCS - PROGRESSIVE LEADERSHIP,2010,0,0,0
400129,YCCS - PROGRESSIVE LEADERSHIP,2011,0,0,0
400129,YCCS - PROGRESSIVE LEADERSHIP,2012,0,0,0
400129,YCCS - PROGRESSIVE LEADERSHIP,2013,17,5,0.294
400129,YCCS - PROGRESSIVE LEADERSHIP,2014,23,3,0.13
400129,YCCS - PROGRESSIVE LEADERSHIP,2015,13,0,0
400129,YCCS - PROGRESSIVE LEADERSHIP,2017,51,7,0.137
400129,YCCS - PROGRESSIVE LEADERSHIP,2018,101,15,0.149
400129,YCCS - PROGRESSIVE LEADERSHIP,2019,95,11,0.116
400129,YCCS - PROGRESSIVE LEADERSHIP,2020,100,7,0.07
400129,YCCS - PROGRESSIVE LEADERSHIP,2016,29,5,0.172
400130,YCCS - YOUTH DEVELOPMENT,2010,0,0,0
400130,YCCS - YOUTH DEVELOPMENT,2011,0,0,0
400130,YCCS - YOUTH DEVELOPMENT,2012,0,0,0
400130,YCCS - YOUTH DEVELOPMENT,2013,42,13,0.31
400130,YCCS - YOUTH DEVELOPMENT,2014,57,6,0.105
400130,YCCS - YOUTH DEVELOPMENT,2015,41,6,0.146
400130,YCCS - YOUTH DEVELOPMENT,2017,36,8,0.222
400130,YCCS - YOUTH DEVELOPMENT,2018,49,11,0.224
400130,YCCS - YOUTH DEVELOPMENT,2019,44,2,0.045
400130,YCCS - YOUTH DEVELOPMENT,2020,48,6,0.125
400130,YCCS - YOUTH DEVELOPMENT,2016,40,10,0.25
400131,YCCS - CAMPOS,2010,0,0,0
400131,YCCS - CAMPOS,2011,0,0,0
400131,YCCS - CAMPOS,2012,0,0,0
400131,YCCS - CAMPOS,2013,25,10,0.4
400131,YCCS - CAMPOS,2014,43,10,0.233
400131,YCCS - CAMPOS,2015,47,9,0.191
400131,YCCS - CAMPOS,2017,78,20,0.256
400131,YCCS - CAMPOS,2018,63,19,0.302
400131,YCCS - CAMPOS,2019,79,7,0.089
400131,YCCS - CAMPOS,2020,83,12,0.145
400131,YCCS - CAMPOS,2016,53,15,0.283
400133,YCCS - INNOVATIONS,2010,0,0,0
400133,YCCS - INNOVATIONS,2011,0,0,0
400133,YCCS - INNOVATIONS,2012,0,0,0
400133,YCCS - INNOVATIONS,2013,75,24,0.32
400133,YCCS - INNOVATIONS,2014,87,26,0.299
400133,YCCS - INNOVATIONS,2015,82,20,0.244
400133,YCCS - INNOVATIONS,2017,125,24,0.192
400133,YCCS - INNOVATIONS,2018,107,20,0.187
400133,YCCS - INNOVATIONS,2019,147,26,0.177
400133,YCCS - INNOVATIONS,2020,179,36,0.201
400133,YCCS - INNOVATIONS,2016,98,14,0.143
400134,YCCS - ADDAMS,2010,0,0,0
400134,YCCS - ADDAMS,2011,0,0,0
400134,YCCS - ADDAMS,2012,0,0,0
400134,YCCS - ADDAMS,2013,71,15,0.211
400134,YCCS - ADDAMS,2014,99,26,0.263
400134,YCCS - ADDAMS,2015,84,14,0.167
400134,YCCS - ADDAMS,2017,109,25,0.229
400134,YCCS - ADDAMS,2018,109,27,0.248
400134,YCCS - ADDAMS,2019,104,21,0.202
400134,YCCS - ADDAMS,2020,98,18,0.184
400134,YCCS - ADDAMS,2016,97,19,0.196
400135,YCCS - LATINO YOUTH,2010,0,0,0
400135,YCCS - LATINO YOUTH,2011,1,,
400135,YCCS - LATINO YOUTH,2012,0,0,0
400135,YCCS - LATINO YOUTH,2013,82,12,0.146
400135,YCCS - LATINO YOUTH,2014,82,8,0.098
400135,YCCS - LATINO YOUTH,2015,72,5,0.069
400135,YCCS - LATINO YOUTH,2017,65,15,0.231
400135,YCCS - LATINO YOUTH,2018,71,7,0.099
400135,YCCS - LATINO YOUTH,2019,71,16,0.225
400135,YCCS - LATINO YOUTH,2020,78,15,0.192
400135,YCCS - LATINO YOUTH,2016,84,12,0.143
400136,YCCS - OLIVE HARVEY,2010,0,0,0
400136,YCCS - OLIVE HARVEY,2011,0,0,0
400136,YCCS - OLIVE HARVEY,2012,0,0,0
400136,YCCS - OLIVE HARVEY,2013,23,10,0.435
400136,YCCS - OLIVE HARVEY,2014,32,17,0.531
400136,YCCS - OLIVE HARVEY,2015,28,11,0.393
400136,YCCS - OLIVE HARVEY,2017,28,12,0.429
400136,YCCS - OLIVE HARVEY,2018,25,4,0.16
400136,YCCS - OLIVE HARVEY,2019,21,7,0.333
400136,YCCS - OLIVE HARVEY,2020,33,6,0.182
400136,YCCS - OLIVE HARVEY,2016,40,12,0.3
400137,LITTLE BLACK PEARL HS,2010,0,0,0
400137,LITTLE BLACK PEARL HS,2011,0,0,0
400137,LITTLE BLACK PEARL HS,2012,0,0,0
400137,LITTLE BLACK PEARL HS,2013,50,13,0.26
400137,LITTLE BLACK PEARL HS,2014,21,6,0.286
400137,LITTLE BLACK PEARL HS,2015,21,14,0.667
400137,LITTLE BLACK PEARL HS,2017,38,17,0.447
400137,LITTLE BLACK PEARL HS,2018,32,22,0.688
400137,LITTLE BLACK PEARL HS,2019,39,20,0.513
400137,LITTLE BLACK PEARL HS,2020,28,9,0.321
400137,LITTLE BLACK PEARL HS,2016,46,15,0.326
400139,YCCS - SULLIVAN,2010,0,0,0
400139,YCCS - SULLIVAN,2011,0,0,0
400139,YCCS - SULLIVAN,2012,1,,
400139,YCCS - SULLIVAN,2013,73,9,0.123
400139,YCCS - SULLIVAN,2014,84,13,0.155
400139,YCCS - SULLIVAN,2015,108,8,0.074
400139,YCCS - SULLIVAN,2017,58,11,0.19
400139,YCCS - SULLIVAN,2018,102,8,0.078
400139,YCCS - SULLIVAN,2019,114,13,0.114
400139,YCCS - SULLIVAN,2020,46,4,0.087
400139,YCCS - SULLIVAN,2016,80,11,0.138
400141,YCCS - TRUMAN,2010,0,0,0
400141,YCCS - TRUMAN,2011,1,,
400141,YCCS - TRUMAN,2012,0,0,0
400141,YCCS - TRUMAN,2013,82,32,0.39
400141,YCCS - TRUMAN,2014,65,24,0.369
400141,YCCS - TRUMAN,2015,72,19,0.264
400141,YCCS - TRUMAN,2017,77,31,0.403
400141,YCCS - TRUMAN,2018,94,45,0.479
400141,YCCS - TRUMAN,2019,81,28,0.346
400141,YCCS - TRUMAN,2020,63,21,0.333
400141,YCCS - TRUMAN,2016,75,26,0.347
400143,YCCS - WEST TOWN,2010,0,0,0
400143,YCCS - WEST TOWN,2011,0,0,0
400143,YCCS - WEST TOWN,2012,0,0,0
400143,YCCS - WEST TOWN,2013,87,16,0.184
400143,YCCS - WEST TOWN,2014,80,16,0.2
400143,YCCS - WEST TOWN,2015,72,6,0.083
400143,YCCS - WEST TOWN,2017,57,12,0.211
400143,YCCS - WEST TOWN,2018,61,11,0.18
400143,YCCS - WEST TOWN,2019,69,16,0.232
400143,YCCS - WEST TOWN,2020,63,6,0.095
400143,YCCS - WEST TOWN,2016,65,8,0.123
400144,YCCS - WEST,2010,0,0,0
400144,YCCS - WEST,2011,1,,
400144,YCCS - WEST,2012,0,0,0
400144,YCCS - WEST,2013,42,6,0.143
400144,YCCS - WEST,2014,41,6,0.146
400144,YCCS - WEST,2015,24,5,0.208
400144,YCCS - WEST,2017,33,10,0.303
400144,YCCS - WEST,2018,59,10,0.169
400144,YCCS - WEST,2019,51,8,0.157
400144,YCCS - WEST,2020,71,10,0.141
400144,YCCS - WEST,2016,43,6,0.14
400145,YCCS - YOUTH CONNECTION,2010,0,0,0
400145,YCCS - YOUTH CONNECTION,2011,0,0,0
400145,YCCS - YOUTH CONNECTION,2012,0,0,0
400145,YCCS - YOUTH CONNECTION,2013,53,16,0.302
400145,YCCS - YOUTH CONNECTION,2014,62,17,0.274
400145,YCCS - YOUTH CONNECTION,2015,85,15,0.176
400145,YCCS - YOUTH CONNECTION,2017,97,14,0.144
400145,YCCS - YOUTH CONNECTION,2018,113,19,0.168
400145,YCCS - YOUTH CONNECTION,2019,78,14,0.179
400145,YCCS - YOUTH CONNECTION,2020,69,5,0.072
400145,YCCS - YOUTH CONNECTION,2016,122,26,0.213
400147,CAMELOT - EXCEL HS,2010,0,0,0
400147,CAMELOT - EXCEL HS,2011,0,0,0
400147,CAMELOT - EXCEL HS,2012,0,0,0
400147,CAMELOT - EXCEL HS,2013,47,8,0.17
400147,CAMELOT - EXCEL HS,2014,102,17,0.167
400147,CAMELOT - EXCEL HS,2015,53,4,0.075
400147,CAMELOT - EXCEL HS,2017,75,17,0.227
400147,CAMELOT - EXCEL HS,2018,83,26,0.313
400147,CAMELOT - EXCEL HS,2019,73,17,0.233
400147,CAMELOT - EXCEL HS,2020,55,9,0.164
400147,CAMELOT - EXCEL HS,2016,72,9,0.125
400149,ACERO - SOTO HS,2010,0,0,0
400149,ACERO - SOTO HS,2011,0,0,0
400149,ACERO - SOTO HS,2012,0,0,0
400149,ACERO - SOTO HS,2013,0,0,0
400149,ACERO - SOTO HS,2014,0,0,0
400149,ACERO - SOTO HS,2015,0,0,0
400149,ACERO - SOTO HS,2017,123,86,0.699
400149,ACERO - SOTO HS,2018,112,81,0.723
400149,ACERO - SOTO HS,2019,142,85,0.599
400149,ACERO - SOTO HS,2020,117,75,0.641
400149,ACERO - SOTO HS,2016,0,0,0
400150,YCCS - CHATHAM,2010,0,0,0
400150,YCCS - CHATHAM,2011,0,0,0
400150,YCCS - CHATHAM,2012,0,0,0
400150,YCCS - CHATHAM,2013,22,2,0.091
400150,YCCS - CHATHAM,2014,23,4,0.174
400150,YCCS - CHATHAM,2015,31,6,0.194
400150,YCCS - CHATHAM,2017,64,14,0.219
400150,YCCS - CHATHAM,2018,52,12,0.231
400150,YCCS - CHATHAM,2019,68,15,0.221
400150,YCCS - CHATHAM,2020,55,11,0.2
400150,YCCS - CHATHAM,2016,41,5,0.122
400156,NOBLE - BUTLER HS,2010,0,0,0
400156,NOBLE - BUTLER HS,2011,0,0,0
400156,NOBLE - BUTLER HS,2012,0,0,0
400156,NOBLE - BUTLER HS,2013,0,0,0
400156,NOBLE - BUTLER HS,2014,0,0,0
400156,NOBLE - BUTLER HS,2015,0,0,0
400156,NOBLE - BUTLER HS,2017,75,62,0.827
400156,NOBLE - BUTLER HS,2018,111,95,0.856
400156,NOBLE - BUTLER HS,2019,119,95,0.798
400156,NOBLE - BUTLER HS,2020,144,90,0.625
400156,NOBLE - BUTLER HS,2016,0,0,0
400157,NOBLE - BAKER HS,2010,0,0,0
400157,NOBLE - BAKER HS,2011,0,0,0
400157,NOBLE - BAKER HS,2012,0,0,0
400157,NOBLE - BAKER HS,2013,0,0,0
400157,NOBLE - BAKER HS,2014,0,0,0
400157,NOBLE - BAKER HS,2015,0,0,0
400157,NOBLE - BAKER HS,2017,57,41,0.719
400157,NOBLE - BAKER HS,2018,73,61,0.836
400157,NOBLE - BAKER HS,2019,64,57,0.891
400157,NOBLE - BAKER HS,2020,33,27,0.818
400157,NOBLE - BAKER HS,2016,0,0,0
400162,INTRINSIC HS,2010,0,0,0
400162,INTRINSIC HS,2011,0,0,0
400162,INTRINSIC HS,2012,0,0,0
400162,INTRINSIC HS,2013,0,0,0
400162,INTRINSIC HS,2014,0,0,0
400162,INTRINSIC HS,2015,0,0,0
400162,INTRINSIC HS,2017,127,113,0.89
400162,INTRINSIC HS,2018,151,121,0.801
400162,INTRINSIC HS,2019,138,115,0.833
400162,INTRINSIC HS,2020,160,113,0.706
400162,INTRINSIC HS,2016,0,0,0
400164,INSTITUTO - JUSTICE HS,2010,0,0,0
400164,INSTITUTO - JUSTICE HS,2011,0,0,0
400164,INSTITUTO - JUSTICE HS,2012,0,0,0
400164,INSTITUTO - JUSTICE HS,2013,0,0,0
400164,INSTITUTO - JUSTICE HS,2014,34,8,0.235
400164,INSTITUTO - JUSTICE HS,2015,33,6,0.182
400164,INSTITUTO - JUSTICE HS,2017,32,7,0.219
400164,INSTITUTO - JUSTICE HS,2018,32,10,0.313
400164,INSTITUTO - JUSTICE HS,2019,39,11,0.282
400164,INSTITUTO - JUSTICE HS,2020,51,6,0.118
400164,INSTITUTO - JUSTICE HS,2016,22,2,0.091
400167,HORIZON - SOUTHWEST,2010,0,0,0
400167,HORIZON - SOUTHWEST,2011,0,0,0
400167,HORIZON - SOUTHWEST,2012,0,0,0
400167,HORIZON - SOUTHWEST,2013,0,0,0
400167,HORIZON - SOUTHWEST,2014,0,0,0
400167,HORIZON - SOUTHWEST,2015,0,0,0
400167,HORIZON - SOUTHWEST,2017,0,0,0
400167,HORIZON - SOUTHWEST,2018,0,0,0
400167,HORIZON - SOUTHWEST,2019,37,20,0.541
400167,HORIZON - SOUTHWEST,2020,29,17,0.586
400167,HORIZON - SOUTHWEST,2016,0,0,0
400169,NOBLE - ITW SPEER HS,2010,0,0,0
400169,NOBLE - ITW SPEER HS,2011,0,0,0
400169,NOBLE - ITW SPEER HS,2012,0,0,0
400169,NOBLE - ITW SPEER HS,2013,0,0,0
400169,NOBLE - ITW SPEER HS,2014,0,0,0
400169,NOBLE - ITW SPEER HS,2015,0,0,0
400169,NOBLE - ITW SPEER HS,2017,0,0,0
400169,NOBLE - ITW SPEER HS,2018,194,155,0.799
400169,NOBLE - ITW SPEER HS,2019,302,245,0.811
400169,NOBLE - ITW SPEER HS,2020,130,108,0.831
400169,NOBLE - ITW SPEER HS,2016,0,0,0
400170,NOBLE - ACADEMY HS,2010,0,0,0
400170,NOBLE - ACADEMY HS,2011,0,0,0
400170,NOBLE - ACADEMY HS,2012,0,0,0
400170,NOBLE - ACADEMY HS,2013,0,0,0
400170,NOBLE - ACADEMY HS,2014,0,0,0
400170,NOBLE - ACADEMY HS,2015,0,0,0
400170,NOBLE - ACADEMY HS,2017,0,0,0
400170,NOBLE - ACADEMY HS,2018,118,108,0.915
400170,NOBLE - ACADEMY HS,2019,76,61,0.803
400170,NOBLE - ACADEMY HS,2020,89,71,0.798
400170,NOBLE - ACADEMY HS,2016,0,0,0
400171,FOUNDATIONS,2010,0,0,0
400171,FOUNDATIONS,2011,0,0,0
400171,FOUNDATIONS,2012,0,0,0
400171,FOUNDATIONS,2013,0,0,0
400171,FOUNDATIONS,2014,0,0,0
400171,FOUNDATIONS,2015,0,0,0
400171,FOUNDATIONS,2017,0,0,0
400171,FOUNDATIONS,2018,0,0,0
400171,FOUNDATIONS,2019,0,0,0
400171,FOUNDATIONS,2020,35,9,0.257
400171,FOUNDATIONS,2016,0,0,0
400172,ASPIRA - BUSINESS & FINANCE HS,2010,0,0,0
400172,ASPIRA - BUSINESS & FINANCE HS,2011,0,0,0
400172,ASPIRA - BUSINESS & FINANCE HS,2012,0,0,0
400172,ASPIRA - BUSINESS & FINANCE HS,2013,0,0,0
400172,ASPIRA - BUSINESS & FINANCE HS,2014,0,0,0
400172,ASPIRA - BUSINESS & FINANCE HS,2015,0,0,0
400172,ASPIRA - BUSINESS & FINANCE HS,2017,0,0,0
400172,ASPIRA - BUSINESS & FINANCE HS,2018,0,0,0
400172,ASPIRA - BUSINESS & FINANCE HS,2019,132,59,0.447
400172,ASPIRA - BUSINESS & FINANCE HS,2020,161,61,0.379
400172,ASPIRA - BUSINESS & FINANCE HS,2016,0,0,0
400173,PATHWAYS - BRIGHTON PARK HS,2010,0,0,0
400173,PATHWAYS - BRIGHTON PARK HS,2011,0,0,0
400173,PATHWAYS - BRIGHTON PARK HS,2012,0,0,0
400173,PATHWAYS - BRIGHTON PARK HS,2013,0,0,0
400173,PATHWAYS - BRIGHTON PARK HS,2014,0,0,0
400173,PATHWAYS - BRIGHTON PARK HS,2015,67,15,0.224
400173,PATHWAYS - BRIGHTON PARK HS,2017,86,17,0.198
400173,PATHWAYS - BRIGHTON PARK HS,2018,72,14,0.194
400173,PATHWAYS - BRIGHTON PARK HS,2019,94,22,0.234
400173,PATHWAYS - BRIGHTON PARK HS,2020,66,11,0.167
400173,PATHWAYS - BRIGHTON PARK HS,2016,68,8,0.118
400175,CAMELOT - EXCEL SOUTHSHORE HS,2010,0,0,0
400175,CAMELOT - EXCEL SOUTHSHORE HS,2011,0,0,0
400175,CAMELOT - EXCEL SOUTHSHORE HS,2012,0,0,0
400175,CAMELOT - EXCEL SOUTHSHORE HS,2013,0,0,0
400175,CAMELOT - EXCEL SOUTHSHORE HS,2014,0,0,0
400175,CAMELOT - EXCEL SOUTHSHORE HS,2015,24,2,0.083
400175,CAMELOT - EXCEL SOUTHSHORE HS,2017,49,14,0.286
400175,CAMELOT - EXCEL SOUTHSHORE HS,2018,35,4,0.114
400175,CAMELOT - EXCEL SOUTHSHORE HS,2019,36,6,0.167
400175,CAMELOT - EXCEL SOUTHSHORE HS,2020,46,4,0.087
400175,CAMELOT - EXCEL SOUTHSHORE HS,2016,42,4,0.095
400176,CAMELOT - EXCEL SOUTHWEST HS,2010,0,0,0
400176,CAMELOT - EXCEL SOUTHWEST HS,2011,0,0,0
400176,CAMELOT - EXCEL SOUTHWEST HS,2012,0,0,0
400176,CAMELOT - EXCEL SOUTHWEST HS,2013,0,0,0
400176,CAMELOT - EXCEL SOUTHWEST HS,2014,0,0,0
400176,CAMELOT - EXCEL SOUTHWEST HS,2015,11,3,0.273
400176,CAMELOT - EXCEL SOUTHWEST HS,2017,50,13,0.26
400176,CAMELOT - EXCEL SOUTHWEST HS,2018,56,14,0.25
400176,CAMELOT - EXCEL SOUTHWEST HS,2019,21,4,0.19
400176,CAMELOT - EXCEL SOUTHWEST HS,2020,19,2,0.105
400176,CAMELOT - EXCEL SOUTHWEST HS,2016,31,8,0.258
400179,NOBLE - MANSUETO HS,2010,0,0,0
400179,NOBLE - MANSUETO HS,2011,0,0,0
400179,NOBLE - MANSUETO HS,2012,0,0,0
400179,NOBLE - MANSUETO HS,2013,0,0,0
400179,NOBLE - MANSUETO HS,2014,0,0,0
400179,NOBLE - MANSUETO HS,2015,0,0,0
400179,NOBLE - MANSUETO HS,2017,0,0,0
400179,NOBLE - MANSUETO HS,2018,0,0,0
400179,NOBLE - MANSUETO HS,2019,0,0,0
400179,NOBLE - MANSUETO HS,2020,139,113,0.813
400179,NOBLE - MANSUETO HS,2016,0,0,0
609674,CHICAGO VOCATIONAL HS,2010,266,134,0.504
609674,CHICAGO VOCATIONAL HS,2011,179,109,0.609
609674,CHICAGO VOCATIONAL HS,2012,189,83,0.439
609674,CHICAGO VOCATIONAL HS,2013,205,102,0.498
609674,CHICAGO VOCATIONAL HS,2014,178,86,0.483
609674,CHICAGO VOCATIONAL HS,2015,157,54,0.344
609674,CHICAGO VOCATIONAL HS,2017,217,98,0.452
609674,CHICAGO VOCATIONAL HS,2018,210,80,0.381
609674,CHICAGO VOCATIONAL HS,2019,200,97,0.485
609674,CHICAGO VOCATIONAL HS,2020,129,37,0.287
609674,CHICAGO VOCATIONAL HS,2016,199,85,0.427
609676,DUNBAR HS,2010,301,153,0.508
609676,DUNBAR HS,2011,204,132,0.647
609676,DUNBAR HS,2012,308,201,0.653
609676,DUNBAR HS,2013,306,166,0.542
609676,DUNBAR HS,2014,223,128,0.574
609676,DUNBAR HS,2015,200,87,0.435
609676,DUNBAR HS,2017,151,78,0.517
609676,DUNBAR HS,2018,99,57,0.576
609676,DUNBAR HS,2019,76,53,0.697
609676,DUNBAR HS,2020,72,28,0.389
609676,DUNBAR HS,2016,167,63,0.377
609678,JONES HS,2010,164,139,0.848
609678,JONES HS,2011,188,165,0.878
609678,JONES HS,2012,209,185,0.885
609678,JONES HS,2013,227,201,0.885
609678,JONES HS,2014,209,183,0.876
609678,JONES HS,2015,205,179,0.873
609678,JONES HS,2017,430,382,0.888
609678,JONES HS,2018,463,400,0.864
609678,JONES HS,2019,435,383,0.88
609678,JONES HS,2020,445,393,0.883
609678,JONES HS,2016,268,228,0.851
609679,PROSSER HS,2010,274,156,0.569
609679,PROSSER HS,2011,285,160,0.561
609679,PROSSER HS,2012,327,202,0.618
609679,PROSSER HS,2013,308,199,0.646
609679,PROSSER HS,2014,298,184,0.617
609679,PROSSER HS,2015,289,192,0.664
609679,PROSSER HS,2017,314,228,0.726
609679,PROSSER HS,2018,293,224,0.765
609679,PROSSER HS,2019,298,211,0.708
609679,PROSSER HS,2020,288,206,0.715
609679,PROSSER HS,2016,365,246,0.674
609680,PAYTON HS,2010,166,137,0.825
609680,PAYTON HS,2011,249,209,0.839
609680,PAYTON HS,2012,215,188,0.874
609680,PAYTON HS,2013,248,206,0.831
609680,PAYTON HS,2014,135,113,0.837
609680,PAYTON HS,2015,228,200,0.877
609680,PAYTON HS,2017,222,205,0.923
609680,PAYTON HS,2018,219,202,0.922
609680,PAYTON HS,2019,213,198,0.93
609680,PAYTON HS,2020,283,251,0.887
609680,PAYTON HS,2016,199,164,0.824
609682,RICHARDS HS,2010,102,44,0.431
609682,RICHARDS HS,2011,95,49,0.516
609682,RICHARDS HS,2012,99,41,0.414
609682,RICHARDS HS,2013,99,23,0.232
609682,RICHARDS HS,2014,70,30,0.429
609682,RICHARDS HS,2015,78,37,0.474
609682,RICHARDS HS,2017,42,20,0.476
609682,RICHARDS HS,2018,45,17,0.378
609682,RICHARDS HS,2019,55,22,0.4
609682,RICHARDS HS,2020,45,18,0.4
609682,RICHARDS HS,2016,73,37,0.507
609691,NORTH-GRAND HS,2010,181,75,0.414
609691,NORTH-GRAND HS,2011,188,96,0.511
609691,NORTH-GRAND HS,2012,205,110,0.537
609691,NORTH-GRAND HS,2013,198,103,0.52
609691,NORTH-GRAND HS,2014,168,78,0.464
609691,NORTH-GRAND HS,2015,190,81,0.426
609691,NORTH-GRAND HS,2017,184,126,0.685
609691,NORTH-GRAND HS,2018,196,133,0.679
609691,NORTH-GRAND HS,2019,217,140,0.645
609691,NORTH-GRAND HS,2020,181,101,0.558
609691,NORTH-GRAND HS,2016,227,117,0.515
609692,SIMEON HS,2010,254,187,0.736
609692,SIMEON HS,2011,294,222,0.755
609692,SIMEON HS,2012,294,197,0.67
609692,SIMEON HS,2013,310,220,0.71
609692,SIMEON HS,2014,313,205,0.655
609692,SIMEON HS,2015,280,177,0.632
609692,SIMEON HS,2017,303,202,0.667
609692,SIMEON HS,2018,288,178,0.618
609692,SIMEON HS,2019,226,140,0.619
609692,SIMEON HS,2020,240,116,0.483
609692,SIMEON HS,2016,324,200,0.617
609693,WESTINGHOUSE HS,2010,0,0,0
609693,WESTINGHOUSE HS,2011,0,0,0
609693,WESTINGHOUSE HS,2012,0,0,0
609693,WESTINGHOUSE HS,2013,230,181,0.787
609693,WESTINGHOUSE HS,2014,272,215,0.79
609693,WESTINGHOUSE HS,2015,240,184,0.767
609693,WESTINGHOUSE HS,2017,262,237,0.905
609693,WESTINGHOUSE HS,2018,263,231,0.878
609693,WESTINGHOUSE HS,2019,259,234,0.903
609693,WESTINGHOUSE HS,2020,261,225,0.862
609693,WESTINGHOUSE HS,2016,278,219,0.788
609694,HANCOCK HS,2010,161,74,0.46
609694,HANCOCK HS,2011,183,90,0.492
609694,HANCOCK HS,2012,193,92,0.477
609694,HANCOCK HS,2013,229,147,0.642
609694,HANCOCK HS,2014,201,100,0.498
609694,HANCOCK HS,2015,228,133,0.583
609694,HANCOCK HS,2017,200,162,0.81
609694,HANCOCK HS,2018,206,159,0.772
609694,HANCOCK HS,2019,200,172,0.86
609694,HANCOCK HS,2020,220,161,0.732
609694,HANCOCK HS,2016,215,128,0.595
609695,AMUNDSEN HS,2010,294,145,0.493
609695,AMUNDSEN HS,2011,343,183,0.534
609695,AMUNDSEN HS,2012,354,172,0.486
609695,AMUNDSEN HS,2013,326,170,0.521
609695,AMUNDSEN HS,2014,337,193,0.573
609695,AMUNDSEN HS,2015,228,124,0.544
609695,AMUNDSEN HS,2017,225,159,0.707
609695,AMUNDSEN HS,2018,239,183,0.766
609695,AMUNDSEN HS,2019,276,193,0.699
609695,AMUNDSEN HS,2020,253,172,0.68
609695,AMUNDSEN HS,2016,225,144,0.64
609698,BOGAN HS,2010,336,168,0.5
609698,BOGAN HS,2011,278,147,0.529
609698,BOGAN HS,2012,358,190,0.531
609698,BOGAN HS,2013,361,175,0.485
609698,BOGAN HS,2014,325,133,0.409
609698,BOGAN HS,2015,280,153,0.546
609698,BOGAN HS,2017,160,93,0.581
609698,BOGAN HS,2018,170,91,0.535
609698,BOGAN HS,2019,173,100,0.578
609698,BOGAN HS,2020,152,75,0.493
609698,BOGAN HS,2016,193,92,0.477
609704,FARRAGUT HS,2010,300,98,0.327
609704,FARRAGUT HS,2011,271,102,0.376
609704,FARRAGUT HS,2012,273,104,0.381
609704,FARRAGUT HS,2013,288,95,0.33
609704,FARRAGUT HS,2014,225,64,0.284
609704,FARRAGUT HS,2015,222,84,0.378
609704,FARRAGUT HS,2017,170,79,0.465
609704,FARRAGUT HS,2018,156,85,0.545
609704,FARRAGUT HS,2019,146,82,0.562
609704,FARRAGUT HS,2020,115,52,0.452
609704,FARRAGUT HS,2016,171,68,0.398
609705,FENGER HS,2010,183,67,0.366
609705,FENGER HS,2011,166,75,0.452
609705,FENGER HS,2012,180,69,0.383
609705,FENGER HS,2013,135,62,0.459
609705,FENGER HS,2014,91,41,0.451
609705,FENGER HS,2015,69,20,0.29
609705,FENGER HS,2017,51,25,0.49
609705,FENGER HS,2018,54,24,0.444
609705,FENGER HS,2019,36,23,0.639
609705,FENGER HS,2020,57,20,0.351
609705,FENGER HS,2016,69,28,0.406
609708,FOREMAN HS,2010,317,123,0.388
609708,FOREMAN HS,2011,315,126,0.4
609708,FOREMAN HS,2012,346,136,0.393
609708,FOREMAN HS,2013,317,147,0.464
609708,FOREMAN HS,2014,286,115,0.402
609708,FOREMAN HS,2015,224,100,0.446
609708,FOREMAN HS,2017,205,112,0.546
609708,FOREMAN HS,2018,172,100,0.581
609708,FOREMAN HS,2019,153,85,0.556
609708,FOREMAN HS,2020,154,77,0.5
609708,FOREMAN HS,2016,231,101,0.437
609709,GAGE PARK HS,2010,306,123,0.402
609709,GAGE PARK HS,2011,226,93,0.412
609709,GAGE PARK HS,2012,242,82,0.339
609709,GAGE PARK HS,2013,197,64,0.325
609709,GAGE PARK HS,2014,136,40,0.294
609709,GAGE PARK HS,2015,124,27,0.218
609709,GAGE PARK HS,2017,66,27,0.409
609709,GAGE PARK HS,2018,77,33,0.429
609709,GAGE PARK HS,2019,55,24,0.436
609709,GAGE PARK HS,2020,50,24,0.48
609709,GAGE PARK HS,2016,97,46,0.474
609710,HARLAN HS,2010,182,100,0.549
609710,HARLAN HS,2011,206,119,0.578
609710,HARLAN HS,2012,195,106,0.544
609710,HARLAN HS,2013,222,114,0.514
609710,HARLAN HS,2014,206,119,0.578
609710,HARLAN HS,2015,150,72,0.48
609710,HARLAN HS,2017,138,86,0.623
609710,HARLAN HS,2018,93,45,0.484
609710,HARLAN HS,2019,65,30,0.462
609710,HARLAN HS,2020,72,22,0.306
609710,HARLAN HS,2016,115,44,0.383
609711,HARPER HS,2010,123,47,0.382
609711,HARPER HS,2011,103,40,0.388
609711,HARPER HS,2012,120,51,0.425
609711,HARPER HS,2013,133,44,0.331
609711,HARPER HS,2014,103,37,0.359
609711,HARPER HS,2015,72,23,0.319
609711,HARPER HS,2017,36,23,0.639
609711,HARPER HS,2018,28,13,0.464
609711,HARPER HS,2019,29,15,0.517
609711,HARPER HS,2020,25,13,0.52
609711,HARPER HS,2016,53,22,0.415
609712,HIRSCH HS,2010,124,54,0.435
609712,HIRSCH HS,2011,108,60,0.556
609712,HIRSCH HS,2012,107,50,0.467
609712,HIRSCH HS,2013,57,15,0.263
609712,HIRSCH HS,2014,52,14,0.269
609712,HIRSCH HS,2015,42,17,0.405
609712,HIRSCH HS,2017,32,15,0.469
609712,HIRSCH HS,2018,38,11,0.289
609712,HIRSCH HS,2019,21,8,0.381
609712,HIRSCH HS,2020,11,3,0.273
609712,HIRSCH HS,2016,32,7,0.219
609713,HYDE PARK HS,2010,330,179,0.542
609713,HYDE PARK HS,2011,295,187,0.634
609713,HYDE PARK HS,2012,305,177,0.58
609713,HYDE PARK HS,2013,237,121,0.511
609713,HYDE PARK HS,2014,202,103,0.51
609713,HYDE PARK HS,2015,172,82,0.477
609713,HYDE PARK HS,2017,116,81,0.698
609713,HYDE PARK HS,2018,189,116,0.614
609713,HYDE PARK HS,2019,161,82,0.509
609713,HYDE PARK HS,2020,124,65,0.524
609713,HYDE PARK HS,2016,151,87,0.576
609715,KELLY HS,2010,572,257,0.449
609715,KELLY HS,2011,545,292,0.536
609715,KELLY HS,2012,565,285,0.504
609715,KELLY HS,2013,515,254,0.493
609715,KELLY HS,2014,578,302,0.522
609715,KELLY HS,2015,497,274,0.551
609715,KELLY HS,2017,439,284,0.647
609715,KELLY HS,2018,360,240,0.667
609715,KELLY HS,2019,425,275,0.647
609715,KELLY HS,2020,357,198,0.555
609715,KELLY HS,2016,496,268,0.54
609716,KELVYN PARK HS,2010,267,94,0.352
609716,KELVYN PARK HS,2011,278,101,0.363
609716,KELVYN PARK HS,2012,215,86,0.4
609716,KELVYN PARK HS,2013,218,94,0.431
609716,KELVYN PARK HS,2014,189,66,0.349
609716,KELVYN PARK HS,2015,185,67,0.362
609716,KELVYN PARK HS,2017,88,36,0.409
609716,KELVYN PARK HS,2018,78,31,0.397
609716,KELVYN PARK HS,2019,48,28,0.583
609716,KELVYN PARK HS,2020,55,22,0.4
609716,KELVYN PARK HS,2016,126,40,0.317
609718,KENNEDY HS,2010,280,144,0.514
609718,KENNEDY HS,2011,264,136,0.515
609718,KENNEDY HS,2012,301,161,0.535
609718,KENNEDY HS,2013,271,159,0.587
609718,KENNEDY HS,2014,278,151,0.543
609718,KENNEDY HS,2015,311,185,0.595
609718,KENNEDY HS,2017,340,236,0.694
609718,KENNEDY HS,2018,349,248,0.711
609718,KENNEDY HS,2019,368,277,0.753
609718,KENNEDY HS,2020,346,245,0.708
609718,KENNEDY HS,2016,316,208,0.658
609719,LAKE VIEW HS,2010,358,218,0.609
609719,LAKE VIEW HS,2011,383,252,0.658
609719,LAKE VIEW HS,2012,279,185,0.663
609719,LAKE VIEW HS,2013,386,261,0.676
609719,LAKE VIEW HS,2014,370,253,0.684
609719,LAKE VIEW HS,2015,312,205,0.657
609719,LAKE VIEW HS,2017,269,178,0.662
609719,LAKE VIEW HS,2018,303,231,0.762
609719,LAKE VIEW HS,2019,297,214,0.721
609719,LAKE VIEW HS,2020,314,210,0.669
609719,LAKE VIEW HS,2016,276,181,0.656
609720,LANE TECH HS,2010,955,763,0.799
609720,LANE TECH HS,2011,940,754,0.802
609720,LANE TECH HS,2012,945,770,0.815
609720,LANE TECH HS,2013,956,818,0.856
609720,LANE TECH HS,2014,947,815,0.861
609720,LANE TECH HS,2015,1077,915,0.85
609720,LANE TECH HS,2017,850,787,0.926
609720,LANE TECH HS,2018,915,817,0.893
609720,LANE TECH HS,2019,1044,936,0.897
609720,LANE TECH HS,2020,882,789,0.895
609720,LANE TECH HS,2016,753,654,0.869
609722,MANLEY HS,2010,139,68,0.489
609722,MANLEY HS,2011,103,52,0.505
609722,MANLEY HS,2012,141,59,0.418
609722,MANLEY HS,2013,102,33,0.324
609722,MANLEY HS,2014,76,26,0.342
609722,MANLEY HS,2015,78,28,0.359
609722,MANLEY HS,2017,48,20,0.417
609722,MANLEY HS,2018,29,16,0.552
609722,MANLEY HS,2019,20,3,0.15
609722,MANLEY HS,2020,17,4,0.235
609722,MANLEY HS,2016,55,17,0.309
609723,MARSHALL HS,2010,131,55,0.42
609723,MARSHALL HS,2011,143,59,0.413
609723,MARSHALL HS,2012,144,67,0.465
609723,MARSHALL HS,2013,148,41,0.277
609723,MARSHALL HS,2014,101,46,0.455
609723,MARSHALL HS,2015,89,39,0.438
609723,MARSHALL HS,2017,76,48,0.632
609723,MARSHALL HS,2018,78,27,0.346
609723,MARSHALL HS,2019,64,23,0.359
609723,MARSHALL HS,2020,57,22,0.386
609723,MARSHALL HS,2016,92,40,0.435
609724,MATHER HS,2010,284,157,0.553
609724,MATHER HS,2011,296,192,0.649
609724,MATHER HS,2012,310,179,0.577
609724,MATHER HS,2013,360,224,0.622
609724,MATHER HS,2014,315,191,0.606
609724,MATHER HS,2015,320,212,0.663
609724,MATHER HS,2017,325,227,0.698
609724,MATHER HS,2018,323,240,0.743
609724,MATHER HS,2019,321,238,0.741
609724,MATHER HS,2020,291,211,0.725
609724,MATHER HS,2016,345,225,0.652
609725,MORGAN PARK HS,2010,315,243,0.771
609725,MORGAN PARK HS,2011,283,213,0.753
609725,MORGAN PARK HS,2012,270,190,0.704
609725,MORGAN PARK HS,2013,309,213,0.689
609725,MORGAN PARK HS,2014,307,227,0.739
609725,MORGAN PARK HS,2015,253,169,0.668
609725,MORGAN PARK HS,2017,235,154,0.655
609725,MORGAN PARK HS,2018,275,209,0.76
609725,MORGAN PARK HS,2019,251,174,0.693
609725,MORGAN PARK HS,2020,256,153,0.598
609725,MORGAN PARK HS,2016,270,188,0.696
609726,BROOKS HS,2010,165,136,0.824
609726,BROOKS HS,2011,177,151,0.853
609726,BROOKS HS,2012,171,137,0.801
609726,BROOKS HS,2013,178,152,0.854
609726,BROOKS HS,2014,186,158,0.849
609726,BROOKS HS,2015,175,149,0.851
609726,BROOKS HS,2017,200,170,0.85
609726,BROOKS HS,2018,173,138,0.798
609726,BROOKS HS,2019,208,168,0.808
609726,BROOKS HS,2020,204,164,0.804
609726,BROOKS HS,2016,189,169,0.894
609727,PHILLIPS HS,2010,123,52,0.423
609727,PHILLIPS HS,2011,55,21,0.382
609727,PHILLIPS HS,2012,97,52,0.536
609727,PHILLIPS HS,2013,71,30,0.423
609727,PHILLIPS HS,2014,104,58,0.558
609727,PHILLIPS HS,2015,101,56,0.554
609727,PHILLIPS HS,2017,92,64,0.696
609727,PHILLIPS HS,2018,111,74,0.667
609727,PHILLIPS HS,2019,113,71,0.628
609727,PHILLIPS HS,2020,135,78,0.578
609727,PHILLIPS HS,2016,103,59,0.573
609728,ROOSEVELT HS,2010,279,119,0.427
609728,ROOSEVELT HS,2011,265,119,0.449
609728,ROOSEVELT HS,2012,238,113,0.475
609728,ROOSEVELT HS,2013,238,103,0.433
609728,ROOSEVELT HS,2014,234,112,0.479
609728,ROOSEVELT HS,2015,279,106,0.38
609728,ROOSEVELT HS,2017,233,154,0.661
609728,ROOSEVELT HS,2018,220,148,0.673
609728,ROOSEVELT HS,2019,169,106,0.627
609728,ROOSEVELT HS,2020,197,113,0.574
609728,ROOSEVELT HS,2016,232,135,0.582
609729,SCHURZ HS,2010,396,158,0.399
609729,SCHURZ HS,2011,350,143,0.409
609729,SCHURZ HS,2012,408,193,0.473
609729,SCHURZ HS,2013,422,210,0.498
609729,SCHURZ HS,2014,434,184,0.424
609729,SCHURZ HS,2015,457,229,0.501
609729,SCHURZ HS,2017,437,258,0.59
609729,SCHURZ HS,2018,412,263,0.638
609729,SCHURZ HS,2019,279,179,0.642
609729,SCHURZ HS,2020,323,180,0.557
609729,SCHURZ HS,2016,476,224,0.471
609730,SENN HS,2010,195,99,0.508
609730,SENN HS,2011,159,75,0.472
609730,SENN HS,2012,218,116,0.532
609730,SENN HS,2013,167,94,0.563
609730,SENN HS,2014,194,101,0.521
609730,SENN HS,2015,224,133,0.594
609730,SENN HS,2017,291,219,0.753
609730,SENN HS,2018,312,250,0.801
609730,SENN HS,2019,251,194,0.773
609730,SENN HS,2020,325,225,0.692
609730,SENN HS,2016,275,197,0.716
609732,STEINMETZ HS,2010,367,168,0.458
609732,STEINMETZ HS,2011,340,159,0.468
609732,STEINMETZ HS,2012,340,164,0.482
609732,STEINMETZ HS,2013,373,184,0.493
609732,STEINMETZ HS,2014,359,180,0.501
609732,STEINMETZ HS,2015,363,172,0.474
609732,STEINMETZ HS,2017,315,214,0.679
609732,STEINMETZ HS,2018,296,187,0.632
609732,STEINMETZ HS,2019,228,131,0.575
609732,STEINMETZ HS,2020,268,142,0.53
609732,STEINMETZ HS,2016,333,162,0.486
609733,SULLIVAN HS,2010,137,66,0.482
609733,SULLIVAN HS,2011,112,64,0.571
609733,SULLIVAN HS,2012,169,79,0.467
609733,SULLIVAN HS,2013,129,67,0.519
609733,SULLIVAN HS,2014,129,54,0.419
609733,SULLIVAN HS,2015,134,69,0.515
609733,SULLIVAN HS,2017,110,62,0.564
609733,SULLIVAN HS,2018,118,73,0.619
609733,SULLIVAN HS,2019,137,101,0.737
609733,SULLIVAN HS,2020,161,98,0.609
609733,SULLIVAN HS,2016,131,76,0.58
609734,TAFT HS,2010,435,265,0.609
609734,TAFT HS,2011,466,298,0.639
609734,TAFT HS,2012,516,309,0.599
609734,TAFT HS,2013,505,325,0.644
609734,TAFT HS,2014,603,445,0.738
609734,TAFT HS,2015,613,386,0.63
609734,TAFT HS,2017,655,514,0.785
609734,TAFT HS,2018,636,493,0.775
609734,TAFT HS,2019,651,502,0.771
609734,TAFT HS,2020,712,536,0.753
609734,TAFT HS,2016,673,447,0.664
609735,TILDEN HS,2010,126,47,0.373
609735,TILDEN HS,2011,90,26,0.289
609735,TILDEN HS,2012,116,39,0.336
609735,TILDEN HS,2013,89,36,0.404
609735,TILDEN HS,2014,80,32,0.4
609735,TILDEN HS,2015,82,26,0.317
609735,TILDEN HS,2017,55,24,0.436
609735,TILDEN HS,2018,60,34,0.567
609735,TILDEN HS,2019,50,29,0.58
609735,TILDEN HS,2020,37,15,0.405
609735,TILDEN HS,2016,59,22,0.373
609737,VON STEUBEN HS,2010,295,227,0.769
609737,VON STEUBEN HS,2011,368,293,0.796
609737,VON STEUBEN HS,2012,329,248,0.754
609737,VON STEUBEN HS,2013,310,226,0.729
609737,VON STEUBEN HS,2014,308,249,0.808
609737,VON STEUBEN HS,2015,398,292,0.734
609737,VON STEUBEN HS,2017,351,282,0.803
609737,VON STEUBEN HS,2018,333,276,0.829
609737,VON STEUBEN HS,2019,373,295,0.791
609737,VON STEUBEN HS,2020,434,335,0.772
609737,VON STEUBEN HS,2016,381,307,0.806
609738,LINCOLN PARK HS,2010,444,323,0.727
609738,LINCOLN PARK HS,2011,435,346,0.795
609738,LINCOLN PARK HS,2012,489,348,0.712
609738,LINCOLN PARK HS,2013,454,357,0.786
609738,LINCOLN PARK HS,2014,493,385,0.781
609738,LINCOLN PARK HS,2015,534,425,0.796
609738,LINCOLN PARK HS,2017,507,449,0.886
609738,LINCOLN PARK HS,2018,546,477,0.874
609738,LINCOLN PARK HS,2019,402,335,0.833
609738,LINCOLN PARK HS,2020,466,381,0.818
609738,LINCOLN PARK HS,2016,425,340,0.8
609739,WASHINGTON HS,2010,304,149,0.49
609739,WASHINGTON HS,2011,246,87,0.354
609739,WASHINGTON HS,2012,286,120,0.42
609739,WASHINGTON HS,2013,322,145,0.45
609739,WASHINGTON HS,2014,335,199,0.594
609739,WASHINGTON HS,2015,297,163,0.549
609739,WASHINGTON HS,2017,304,212,0.697
609739,WASHINGTON HS,2018,279,173,0.62
609739,WASHINGTON HS,2019,321,213,0.664
609739,WASHINGTON HS,2020,276,162,0.587
609739,WASHINGTON HS,2016,337,191,0.567
609740,WELLS HS,2010,154,64,0.416
609740,WELLS HS,2011,115,41,0.357
609740,WELLS HS,2012,134,58,0.433
609740,WELLS HS,2013,121,52,0.43
609740,WELLS HS,2014,135,58,0.43
609740,WELLS HS,2015,102,52,0.51
609740,WELLS HS,2017,116,59,0.509
609740,WELLS HS,2018,90,52,0.578
609740,WELLS HS,2019,52,34,0.654
609740,WELLS HS,2020,83,39,0.47
609740,WELLS HS,2016,117,51,0.436
609741,HUBBARD HS,2010,311,154,0.495
609741,HUBBARD HS,2011,279,163,0.584
609741,HUBBARD HS,2012,298,159,0.534
609741,HUBBARD HS,2013,310,180,0.581
609741,HUBBARD HS,2014,346,207,0.598
609741,HUBBARD HS,2015,390,219,0.562
609741,HUBBARD HS,2017,345,243,0.704
609741,HUBBARD HS,2018,409,280,0.685
609741,HUBBARD HS,2019,428,290,0.678
609741,HUBBARD HS,2020,355,213,0.6
609741,HUBBARD HS,2016,343,197,0.574
609745,SOUTHSIDE HS,2010,44,1,0.023
609745,SOUTHSIDE HS,2011,34,0,0
609745,SOUTHSIDE HS,2012,26,0,0
609745,SOUTHSIDE HS,2013,23,0,0
609745,SOUTHSIDE HS,2014,31,0,0
609745,SOUTHSIDE HS,2015,48,1,0.021
609745,SOUTHSIDE HS,2017,29,0,0
609745,SOUTHSIDE HS,2018,48,0,0
609745,SOUTHSIDE HS,2019,57,2,0.035
609745,SOUTHSIDE HS,2020,32,1,0.031
609745,SOUTHSIDE HS,2016,29,0,0
609746,KENWOOD HS,2010,330,252,0.764
609746,KENWOOD HS,2011,288,236,0.819
609746,KENWOOD HS,2012,365,275,0.753
609746,KENWOOD HS,2013,353,257,0.728
609746,KENWOOD HS,2014,318,232,0.73
609746,KENWOOD HS,2015,327,256,0.783
609746,KENWOOD HS,2017,360,299,0.831
609746,KENWOOD HS,2018,342,267,0.781
609746,KENWOOD HS,2019,349,282,0.808
609746,KENWOOD HS,2020,394,264,0.67
609746,KENWOOD HS,2016,332,256,0.771
609748,YORK HS,2010,45,4,0.089
609748,YORK HS,2011,44,2,0.045
609748,YORK HS,2012,41,0,0
609748,YORK HS,2013,29,5,0.172
609748,YORK HS,2014,22,3,0.136
609748,YORK HS,2015,39,2,0.051
609748,YORK HS,2017,32,1,0.031
609748,YORK HS,2018,25,1,0.04
609748,YORK HS,2019,27,3,0.111
609748,YORK HS,2020,22,0,0
609748,YORK HS,2016,49,3,0.061
609749,NORTHSIDE PREP HS,2010,244,217,0.889
609749,NORTHSIDE PREP HS,2011,296,260,0.878
609749,NORTHSIDE PREP HS,2012,247,219,0.887
609749,NORTHSIDE PREP HS,2013,257,231,0.899
609749,NORTHSIDE PREP HS,2014,257,228,0.887
609749,NORTHSIDE PREP HS,2015,259,242,0.934
609749,NORTHSIDE PREP HS,2017,248,238,0.96
609749,NORTHSIDE PREP HS,2018,237,222,0.937
609749,NORTHSIDE PREP HS,2019,268,253,0.944
609749,NORTHSIDE PREP HS,2020,265,247,0.932
609749,NORTHSIDE PREP HS,2016,251,231,0.92
609750,SIMPSON HS,2010,0,0,0
609750,SIMPSON HS,2011,12,5,0.417
609750,SIMPSON HS,2012,21,11,0.524
609750,SIMPSON HS,2013,15,4,0.267
609750,SIMPSON HS,2014,15,10,0.667
609750,SIMPSON HS,2015,9,,
609750,SIMPSON HS,2017,20,11,0.55
609750,SIMPSON HS,2018,10,4,0.4
609750,SIMPSON HS,2019,8,,
609750,SIMPSON HS,2020,11,3,0.273
609750,SIMPSON HS,2016,12,4,0.333
609751,KING HS,2010,179,146,0.816
609751,KING HS,2011,208,167,0.803
609751,KING HS,2012,197,152,0.772
609751,KING HS,2013,205,169,0.824
609751,KING HS,2014,195,168,0.862
609751,KING HS,2015,179,147,0.821
609751,KING HS,2017,130,111,0.854
609751,KING HS,2018,161,139,0.863
609751,KING HS,2019,136,116,0.853
609751,KING HS,2020,112,97,0.866
609751,KING HS,2016,187,156,0.834
609753,CHICAGO AGRICULTURE HS,2010,106,85,0.802
609753,CHICAGO AGRICULTURE HS,2011,119,90,0.756
609753,CHICAGO AGRICULTURE HS,2012,108,82,0.759
609753,CHICAGO AGRICULTURE HS,2013,117,92,0.786
609753,CHICAGO AGRICULTURE HS,2014,115,91,0.791
609753,CHICAGO AGRICULTURE HS,2015,109,87,0.798
609753,CHICAGO AGRICULTURE HS,2017,152,128,0.842
609753,CHICAGO AGRICULTURE HS,2018,144,117,0.813
609753,CHICAGO AGRICULTURE HS,2019,143,99,0.692
609753,CHICAGO AGRICULTURE HS,2020,146,98,0.671
609753,CHICAGO AGRICULTURE HS,2016,133,102,0.767
609754,CHICAGO MILITARY HS,2010,101,71,0.703
609754,CHICAGO MILITARY HS,2011,78,46,0.59
609754,CHICAGO MILITARY HS,2012,87,51,0.586
609754,CHICAGO MILITARY HS,2013,108,59,0.546
609754,CHICAGO MILITARY HS,2014,108,71,0.657
609754,CHICAGO MILITARY HS,2015,58,26,0.448
609754,CHICAGO MILITARY HS,2017,56,33,0.589
609754,CHICAGO MILITARY HS,2018,74,52,0.703
609754,CHICAGO MILITARY HS,2019,43,29,0.674
609754,CHICAGO MILITARY HS,2020,81,41,0.506
609754,CHICAGO MILITARY HS,2016,103,51,0.495
609755,YOUNG HS,2010,474,413,0.871
609755,YOUNG HS,2011,499,430,0.862
609755,YOUNG HS,2012,470,407,0.866
609755,YOUNG HS,2013,454,404,0.89
609755,YOUNG HS,2014,418,363,0.868
609755,YOUNG HS,2015,479,408,0.852
609755,YOUNG HS,2017,463,414,0.894
609755,YOUNG HS,2018,440,389,0.884
609755,YOUNG HS,2019,440,398,0.905
609755,YOUNG HS,2020,470,415,0.883
609755,YOUNG HS,2016,504,424,0.841
609756,CURIE HS,2010,560,341,0.609
609756,CURIE HS,2011,591,363,0.614
609756,CURIE HS,2012,711,418,0.588
609756,CURIE HS,2013,660,422,0.639
609756,CURIE HS,2014,479,292,0.61
609756,CURIE HS,2015,559,368,0.658
609756,CURIE HS,2017,519,400,0.771
609756,CURIE HS,2018,663,466,0.703
609756,CURIE HS,2019,564,392,0.695
609756,CURIE HS,2020,490,318,0.649
609756,CURIE HS,2016,567,357,0.63
609759,CLEMENTE HS,2010,304,127,0.418
609759,CLEMENTE HS,2011,240,91,0.379
609759,CLEMENTE HS,2012,292,118,0.404
609759,CLEMENTE HS,2013,222,93,0.419
609759,CLEMENTE HS,2014,193,81,0.42
609759,CLEMENTE HS,2015,171,74,0.433
609759,CLEMENTE HS,2017,94,64,0.681
609759,CLEMENTE HS,2018,176,88,0.5
609759,CLEMENTE HS,2019,164,106,0.646
609759,CLEMENTE HS,2020,139,68,0.489
609759,CLEMENTE HS,2016,154,76,0.494
609760,CARVER MILITARY HS,2010,88,53,0.602
609760,CARVER MILITARY HS,2011,113,53,0.469
609760,CARVER MILITARY HS,2012,107,50,0.467
609760,CARVER MILITARY HS,2013,109,60,0.55
609760,CARVER MILITARY HS,2014,133,64,0.481
609760,CARVER MILITARY HS,2015,105,48,0.457
609760,CARVER MILITARY HS,2017,108,73,0.676
609760,CARVER MILITARY HS,2018,111,71,0.64
609760,CARVER MILITARY HS,2019,95,59,0.621
609760,CARVER MILITARY HS,2020,122,62,0.508
609760,CARVER MILITARY HS,2016,113,76,0.673
609761,CORLISS HS,2010,185,79,0.427
609761,CORLISS HS,2011,117,53,0.453
609761,CORLISS HS,2012,155,60,0.387
609761,CORLISS HS,2013,105,47,0.448
609761,CORLISS HS,2014,104,43,0.413
609761,CORLISS HS,2015,90,31,0.344
609761,CORLISS HS,2017,78,41,0.526
609761,CORLISS HS,2018,72,37,0.514
609761,CORLISS HS,2019,76,36,0.474
609761,CORLISS HS,2020,51,23,0.451
609761,CORLISS HS,2016,96,36,0.375
609762,JULIAN HS,2010,319,162,0.508
609762,JULIAN HS,2011,221,122,0.552
609762,JULIAN HS,2012,294,162,0.551
609762,JULIAN HS,2013,212,110,0.519
609762,JULIAN HS,2014,211,108,0.512
609762,JULIAN HS,2015,208,84,0.404
609762,JULIAN HS,2017,192,90,0.469
609762,JULIAN HS,2018,118,66,0.559
609762,JULIAN HS,2019,125,60,0.48
609762,JULIAN HS,2020,101,43,0.426
609762,JULIAN HS,2016,149,73,0.49
609764,JUAREZ HS,2010,273,123,0.451
609764,JUAREZ HS,2011,329,147,0.447
609764,JUAREZ HS,2012,293,120,0.41
609764,JUAREZ HS,2013,342,163,0.477
609764,JUAREZ HS,2014,365,174,0.477
609764,JUAREZ HS,2015,334,169,0.506
609764,JUAREZ HS,2017,296,186,0.628
609764,JUAREZ HS,2018,325,204,0.628
609764,JUAREZ HS,2019,352,193,0.548
609764,JUAREZ HS,2020,330,191,0.579
609764,JUAREZ HS,2016,383,200,0.522
609766,VAUGHN HS,2010,39,5,0.128
609766,VAUGHN HS,2011,46,5,0.109
609766,VAUGHN HS,2012,29,6,0.207
609766,VAUGHN HS,2013,31,4,0.129
609766,VAUGHN HS,2014,33,3,0.091
609766,VAUGHN HS,2015,37,4,0.108
609766,VAUGHN HS,2017,37,4,0.108
609766,VAUGHN HS,2018,33,2,0.061
609766,VAUGHN HS,2019,23,2,0.087
609766,VAUGHN HS,2020,8,,
609766,VAUGHN HS,2016,26,2,0.077
609769,GRAHAM HS,2010,39,0,0
609769,GRAHAM HS,2011,34,1,0.029
609769,GRAHAM HS,2012,28,1,0.036
609769,GRAHAM HS,2013,23,0,0
609769,GRAHAM HS,2014,39,1,0.026
609769,GRAHAM HS,2015,27,1,0.037
609769,GRAHAM HS,2017,22,1,0.045
609769,GRAHAM HS,2018,28,3,0.107
609769,GRAHAM HS,2019,10,0,0
609769,GRAHAM HS,2020,7,,
609769,GRAHAM HS,2016,30,3,0.1
609780,MARINE LEADERSHIP AT AMES HS,2010,0,0,0
609780,MARINE LEADERSHIP AT AMES HS,2011,0,0,0
609780,MARINE LEADERSHIP AT AMES HS,2012,0,0,0
609780,MARINE LEADERSHIP AT AMES HS,2013,0,0,0
609780,MARINE LEADERSHIP AT AMES HS,2014,0,0,0
609780,MARINE LEADERSHIP AT AMES HS,2015,52,24,0.462
609780,MARINE LEADERSHIP AT AMES HS,2017,76,45,0.592
609780,MARINE LEADERSHIP AT AMES HS,2018,101,58,0.574
609780,MARINE LEADERSHIP AT AMES HS,2019,163,97,0.595
609780,MARINE LEADERSHIP AT AMES HS,2020,141,86,0.61
609780,MARINE LEADERSHIP AT AMES HS,2016,64,28,0.438
609783,JEFFERSON HS,2010,0,0,0
609783,JEFFERSON HS,2011,0,0,0
609783,JEFFERSON HS,2012,0,0,0
609783,JEFFERSON HS,2013,0,0,0
609783,JEFFERSON HS,2014,1,,
609783,JEFFERSON HS,2015,3,,
609783,JEFFERSON HS,2017,10,0,0
609783,JEFFERSON HS,2018,7,,
609783,JEFFERSON HS,2019,13,0,0
609783,JEFFERSON HS,2020,8,,
609783,JEFFERSON HS,2016,6,,
610244,CLARK HS,2010,168,97,0.577
610244,CLARK HS,2011,164,123,0.75
610244,CLARK HS,2012,194,117,0.603
610244,CLARK HS,2013,133,86,0.647
610244,CLARK HS,2014,90,49,0.544
610244,CLARK HS,2015,98,53,0.541
610244,CLARK HS,2017,94,74,0.787
610244,CLARK HS,2018,97,50,0.515
610244,CLARK HS,2019,98,48,0.49
610244,CLARK HS,2020,108,41,0.38
610244,CLARK HS,2016,91,52,0.571
610245,DOUGLASS HS,2010,86,34,0.395
610245,DOUGLASS HS,2011,77,29,0.377
610245,DOUGLASS HS,2012,82,43,0.524
610245,DOUGLASS HS,2013,51,18,0.353
610245,DOUGLASS HS,2014,54,19,0.352
610245,DOUGLASS HS,2015,58,12,0.207
610245,DOUGLASS HS,2017,43,14,0.326
610245,DOUGLASS HS,2018,32,9,0.281
610245,DOUGLASS HS,2019,16,5,0.313
610245,DOUGLASS HS,2020,12,4,0.333
610245,DOUGLASS HS,2016,59,20,0.339
610304,PHOENIX MILITARY HS,2010,79,41,0.519
610304,PHOENIX MILITARY HS,2011,59,27,0.458
610304,PHOENIX MILITARY HS,2012,88,44,0.5
610304,PHOENIX MILITARY HS,2013,71,40,0.563
610304,PHOENIX MILITARY HS,2014,103,55,0.534
610304,PHOENIX MILITARY HS,2015,93,42,0.452
610304,PHOENIX MILITARY HS,2017,118,93,0.788
610304,PHOENIX MILITARY HS,2018,108,76,0.704
610304,PHOENIX MILITARY HS,2019,111,71,0.64
610304,PHOENIX MILITARY HS,2020,114,68,0.596
610304,PHOENIX MILITARY HS,2016,99,64,0.646
610323,BOWEN HS,2010,82,43,0.524
610323,BOWEN HS,2011,49,21,0.429
610323,BOWEN HS,2012,188,85,0.452
610323,BOWEN HS,2013,130,57,0.438
610323,BOWEN HS,2014,90,34,0.378
610323,BOWEN HS,2015,81,40,0.494
610323,BOWEN HS,2017,67,24,0.358
610323,BOWEN HS,2018,55,25,0.455
610323,BOWEN HS,2019,64,37,0.578
610323,BOWEN HS,2020,51,23,0.451
610323,BOWEN HS,2016,66,29,0.439
610334,RABY HS,2010,109,68,0.624
610334,RABY HS,2011,98,65,0.663
610334,RABY HS,2012,99,52,0.525
610334,RABY HS,2013,96,61,0.635
610334,RABY HS,2014,79,43,0.544
610334,RABY HS,2015,88,45,0.511
610334,RABY HS,2017,68,33,0.485
610334,RABY HS,2018,77,35,0.455
610334,RABY HS,2019,75,35,0.467
610334,RABY HS,2020,52,29,0.558
610334,RABY HS,2016,89,33,0.371
610340,CHICAGO ACADEMY HS,2010,95,62,0.653
610340,CHICAGO ACADEMY HS,2011,93,69,0.742
610340,CHICAGO ACADEMY HS,2012,70,56,0.8
610340,CHICAGO ACADEMY HS,2013,106,76,0.717
610340,CHICAGO ACADEMY HS,2014,105,77,0.733
610340,CHICAGO ACADEMY HS,2015,107,86,0.804
610340,CHICAGO ACADEMY HS,2017,105,87,0.829
610340,CHICAGO ACADEMY HS,2018,114,89,0.781
610340,CHICAGO ACADEMY HS,2019,123,96,0.78
610340,CHICAGO ACADEMY HS,2020,135,87,0.644
610340,CHICAGO ACADEMY HS,2016,109,78,0.716
610357,SPRY HS,2010,24,14,0.583
610357,SPRY HS,2011,38,21,0.553
610357,SPRY HS,2012,57,31,0.544
610357,SPRY HS,2013,54,22,0.407
610357,SPRY HS,2014,47,22,0.468
610357,SPRY HS,2015,36,17,0.472
610357,SPRY HS,2017,43,31,0.721
610357,SPRY HS,2018,35,20,0.571
610357,SPRY HS,2019,34,19,0.559
610357,SPRY HS,2020,12,8,0.667
610357,SPRY HS,2016,52,24,0.462
610380,WILLIAMS HS,2010,0,0,0
610380,WILLIAMS HS,2011,55,42,0.764
610380,WILLIAMS HS,2012,71,49,0.69
610380,WILLIAMS HS,2013,44,33,0.75
610380,WILLIAMS HS,2014,71,59,0.831
610380,WILLIAMS HS,2015,79,59,0.747
610380,WILLIAMS HS,2017,36,31,0.861
610380,WILLIAMS HS,2018,58,46,0.793
610380,WILLIAMS HS,2019,48,37,0.771
610380,WILLIAMS HS,2020,28,21,0.75
610380,WILLIAMS HS,2016,62,48,0.774
610381,BRONZEVILLE HS,2010,114,82,0.719
610381,BRONZEVILLE HS,2011,118,86,0.729
610381,BRONZEVILLE HS,2012,123,83,0.675
610381,BRONZEVILLE HS,2013,113,76,0.673
610381,BRONZEVILLE HS,2014,118,76,0.644
610381,BRONZEVILLE HS,2015,110,72,0.655
610381,BRONZEVILLE HS,2017,84,57,0.679
610381,BRONZEVILLE HS,2018,85,59,0.694
610381,BRONZEVILLE HS,2019,82,43,0.524
610381,BRONZEVILLE HS,2020,28,10,0.357
610381,BRONZEVILLE HS,2016,82,44,0.537
610383,SOCIAL JUSTICE HS,2010,68,39,0.574
610383,SOCIAL JUSTICE HS,2011,69,32,0.464
610383,SOCIAL JUSTICE HS,2012,59,32,0.542
610383,SOCIAL JUSTICE HS,2013,71,44,0.62
610383,SOCIAL JUSTICE HS,2014,78,45,0.577
610383,SOCIAL JUSTICE HS,2015,76,43,0.566
610383,SOCIAL JUSTICE HS,2017,70,50,0.714
610383,SOCIAL JUSTICE HS,2018,51,29,0.569
610383,SOCIAL JUSTICE HS,2019,72,38,0.528
610383,SOCIAL JUSTICE HS,2020,57,28,0.491
610383,SOCIAL JUSTICE HS,2016,63,32,0.508
610384,INFINITY HS,2010,72,38,0.528
610384,INFINITY HS,2011,70,43,0.614
610384,INFINITY HS,2012,66,35,0.53
610384,INFINITY HS,2013,81,42,0.519
610384,INFINITY HS,2014,99,53,0.535
610384,INFINITY HS,2015,94,55,0.585
610384,INFINITY HS,2017,79,63,0.797
610384,INFINITY HS,2018,94,69,0.734
610384,INFINITY HS,2019,107,84,0.785
610384,INFINITY HS,2020,87,49,0.563
610384,INFINITY HS,2016,103,68,0.66
610385,MULTICULTURAL HS,2010,55,29,0.527
610385,MULTICULTURAL HS,2011,43,21,0.488
610385,MULTICULTURAL HS,2012,53,24,0.453
610385,MULTICULTURAL HS,2013,65,24,0.369
610385,MULTICULTURAL HS,2014,64,30,0.469
610385,MULTICULTURAL HS,2015,61,25,0.41
610385,MULTICULTURAL HS,2017,56,35,0.625
610385,MULTICULTURAL HS,2018,44,27,0.614
610385,MULTICULTURAL HS,2019,63,35,0.556
610385,MULTICULTURAL HS,2020,35,15,0.429
610385,MULTICULTURAL HS,2016,53,27,0.509
610386,PEACE AND EDUCATION HS,2010,48,5,0.104
610386,PEACE AND EDUCATION HS,2011,64,11,0.172
610386,PEACE AND EDUCATION HS,2012,63,13,0.206
610386,PEACE AND EDUCATION HS,2013,52,15,0.288
610386,PEACE AND EDUCATION HS,2014,60,11,0.183
610386,PEACE AND EDUCATION HS,2015,63,17,0.27
610386,PEACE AND EDUCATION HS,2017,49,12,0.245
610386,PEACE AND EDUCATION HS,2018,38,7,0.184
610386,PEACE AND EDUCATION HS,2019,41,4,0.098
610386,PEACE AND EDUCATION HS,2020,37,8,0.216
610386,PEACE AND EDUCATION HS,2016,45,8,0.178
610389,ORR HS,2010,188,93,0.495
610389,ORR HS,2011,172,67,0.39
610389,ORR HS,2012,147,79,0.537
610389,ORR HS,2013,102,50,0.49
610389,ORR HS,2014,116,51,0.44
610389,ORR HS,2015,75,34,0.453
610389,ORR HS,2017,78,44,0.564
610389,ORR HS,2018,60,23,0.383
610389,ORR HS,2019,46,25,0.543
610389,ORR HS,2020,49,14,0.286
610389,ORR HS,2016,62,30,0.484
610390,RICKOVER MILITARY HS,2010,52,32,0.615
610390,RICKOVER MILITARY HS,2011,78,51,0.654
610390,RICKOVER MILITARY HS,2012,70,41,0.586
610390,RICKOVER MILITARY HS,2013,79,51,0.646
610390,RICKOVER MILITARY HS,2014,112,76,0.679
610390,RICKOVER MILITARY HS,2015,90,57,0.633
610390,RICKOVER MILITARY HS,2017,102,77,0.755
610390,RICKOVER MILITARY HS,2018,164,112,0.683
610390,RICKOVER MILITARY HS,2019,116,85,0.733
610390,RICKOVER MILITARY HS,2020,109,62,0.569
610390,RICKOVER MILITARY HS,2016,131,82,0.626
610391,LINDBLOM HS,2010,85,73,0.859
610391,LINDBLOM HS,2011,162,136,0.84
610391,LINDBLOM HS,2012,121,102,0.843
610391,LINDBLOM HS,2013,124,101,0.815
610391,LINDBLOM HS,2014,192,169,0.88
610391,LINDBLOM HS,2015,183,153,0.836
610391,LINDBLOM HS,2017,205,194,0.946
610391,LINDBLOM HS,2018,245,219,0.894
610391,LINDBLOM HS,2019,278,262,0.942
610391,LINDBLOM HS,2020,265,224,0.845
610391,LINDBLOM HS,2016,199,175,0.879
610392,WORLD LANGUAGE HS,2010,57,28,0.491
610392,WORLD LANGUAGE HS,2011,52,28,0.538
610392,WORLD LANGUAGE HS,2012,78,40,0.513
610392,WORLD LANGUAGE HS,2013,86,43,0.5
610392,WORLD LANGUAGE HS,2014,78,36,0.462
610392,WORLD LANGUAGE HS,2015,64,37,0.578
610392,WORLD LANGUAGE HS,2017,74,57,0.77
610392,WORLD LANGUAGE HS,2018,59,47,0.797
610392,WORLD LANGUAGE HS,2019,65,45,0.692
610392,WORLD LANGUAGE HS,2020,91,72,0.791
610392,WORLD LANGUAGE HS,2016,89,52,0.584
610394,UPLIFT HS,2010,80,51,0.638
610394,UPLIFT HS,2011,107,72,0.673
610394,UPLIFT HS,2012,112,71,0.634
610394,UPLIFT HS,2013,84,46,0.548
610394,UPLIFT HS,2014,68,52,0.765
610394,UPLIFT HS,2015,81,53,0.654
610394,UPLIFT HS,2017,59,36,0.61
610394,UPLIFT HS,2018,52,40,0.769
610394,UPLIFT HS,2019,40,25,0.625
610394,UPLIFT HS,2020,29,15,0.517
610394,UPLIFT HS,2016,62,43,0.694
610402,DEVRY HS,2010,99,63,0.636
610402,DEVRY HS,2011,106,88,0.83
610402,DEVRY HS,2012,108,79,0.731
610402,DEVRY HS,2013,91,72,0.791
610402,DEVRY HS,2014,93,84,0.903
610402,DEVRY HS,2015,95,76,0.8
610402,DEVRY HS,2017,100,87,0.87
610402,DEVRY HS,2018,90,73,0.811
610402,DEVRY HS,2019,99,75,0.758
610402,DEVRY HS,2020,65,50,0.769
610402,DEVRY HS,2016,97,77,0.794
610499,COLLINS HS,2010,0,0,0
610499,COLLINS HS,2011,84,56,0.667
610499,COLLINS HS,2012,80,47,0.588
610499,COLLINS HS,2013,75,28,0.373
610499,COLLINS HS,2014,69,27,0.391
610499,COLLINS HS,2015,51,21,0.412
610499,COLLINS HS,2017,48,26,0.542
610499,COLLINS HS,2018,71,50,0.704
610499,COLLINS HS,2019,51,33,0.647
610499,COLLINS HS,2020,41,26,0.634
610499,COLLINS HS,2016,66,38,0.576
610513,AIR FORCE HS,2010,0,0,0
610513,AIR FORCE HS,2011,0,0,0
610513,AIR FORCE HS,2012,0,0,0
610513,AIR FORCE HS,2013,76,43,0.566
610513,AIR FORCE HS,2014,70,36,0.514
610513,AIR FORCE HS,2015,91,56,0.615
610513,AIR FORCE HS,2017,45,31,0.689
610513,AIR FORCE HS,2018,64,40,0.625
610513,AIR FORCE HS,2019,57,38,0.667
610513,AIR FORCE HS,2020,48,24,0.5
610513,AIR FORCE HS,2016,68,36,0.529
610518,AUSTIN CCA HS,2010,0,0,0
610518,AUSTIN CCA HS,2011,0,0,0
610518,AUSTIN CCA HS,2012,93,48,0.516
610518,AUSTIN CCA HS,2013,47,22,0.468
610518,AUSTIN CCA HS,2014,73,42,0.575
610518,AUSTIN CCA HS,2015,60,24,0.4
610518,AUSTIN CCA HS,2017,84,32,0.381
610518,AUSTIN CCA HS,2018,60,26,0.433
610518,AUSTIN CCA HS,2019,38,8,0.211
610518,AUSTIN CCA HS,2020,40,12,0.3
610518,AUSTIN CCA HS,2016,69,30,0.435
610524,ALCOTT HS,2010,0,0,0
610524,ALCOTT HS,2011,0,0,0
610524,ALCOTT HS,2012,0,0,0
610524,ALCOTT HS,2013,59,32,0.542
610524,ALCOTT HS,2014,63,39,0.619
610524,ALCOTT HS,2015,47,28,0.596
610524,ALCOTT HS,2017,57,47,0.825
610524,ALCOTT HS,2018,63,48,0.762
610524,ALCOTT HS,2019,48,40,0.833
610524,ALCOTT HS,2020,72,55,0.764
610524,ALCOTT HS,2016,51,33,0.647
610529,OGDEN HS,2010,0,0,0
610529,OGDEN HS,2011,0,0,0
610529,OGDEN HS,2012,0,0,0
610529,OGDEN HS,2013,78,49,0.628
610529,OGDEN HS,2014,78,50,0.641
610529,OGDEN HS,2015,113,82,0.726
610529,OGDEN HS,2017,78,68,0.872
610529,OGDEN HS,2018,84,74,0.881
610529,OGDEN HS,2019,79,68,0.861
610529,OGDEN HS,2020,124,101,0.815
610529,OGDEN HS,2016,99,78,0.788
610543,SOLORIO HS,2010,0,0,0
610543,SOLORIO HS,2011,0,0,0
610543,SOLORIO HS,2012,0,0,0
610543,SOLORIO HS,2013,0,0,0
610543,SOLORIO HS,2014,231,122,0.528
610543,SOLORIO HS,2015,217,135,0.622
610543,SOLORIO HS,2017,254,189,0.744
610543,SOLORIO HS,2018,272,200,0.735
610543,SOLORIO HS,2019,242,172,0.711
610543,SOLORIO HS,2020,241,166,0.689
610543,SOLORIO HS,2016,234,141,0.603
610547,SOUTH SHORE INTL HS,2010,0,0,0
610547,SOUTH SHORE INTL HS,2011,0,0,0
610547,SOUTH SHORE INTL HS,2012,0,0,0
610547,SOUTH SHORE INTL HS,2013,0,0,0
610547,SOUTH SHORE INTL HS,2014,0,0,0
610547,SOUTH SHORE INTL HS,2015,215,138,0.642
610547,SOUTH SHORE INTL HS,2017,120,98,0.817
610547,SOUTH SHORE INTL HS,2018,119,102,0.857
610547,SOUTH SHORE INTL HS,2019,120,99,0.825
610547,SOUTH SHORE INTL HS,2020,137,101,0.737
610547,SOUTH SHORE INTL HS,2016,116,91,0.784
610557,PATHWAYS - ASHBURN HS,2010,0,0,0
610557,PATHWAYS - ASHBURN HS,2011,48,14,0.292
610557,PATHWAYS - ASHBURN HS,2012,142,25,0.176
610557,PATHWAYS - ASHBURN HS,2013,120,19,0.158
610557,PATHWAYS - ASHBURN HS,2014,99,25,0.253
610557,PATHWAYS - ASHBURN HS,2015,96,18,0.188
610557,PATHWAYS - ASHBURN HS,2017,65,16,0.246
610557,PATHWAYS - ASHBURN HS,2018,104,20,0.192
610557,PATHWAYS - ASHBURN HS,2019,89,24,0.27
610557,PATHWAYS - ASHBURN HS,2020,47,13,0.277
610557,PATHWAYS - ASHBURN HS,2016,68,14,0.206
610558,GOODE HS,2010,0,0,0
610558,GOODE HS,2011,0,0,0
610558,GOODE HS,2012,0,0,0
610558,GOODE HS,2013,0,0,0
610558,GOODE HS,2014,0,0,0
610558,GOODE HS,2015,0,0,0
610558,GOODE HS,2017,178,129,0.725
610558,GOODE HS,2018,164,109,0.665
610558,GOODE HS,2019,203,146,0.719
610558,GOODE HS,2020,211,125,0.592
610558,GOODE HS,2016,186,123,0.661
610561,CRANE MEDICAL HS,2010,0,0,0
610561,CRANE MEDICAL HS,2011,0,0,0
610561,CRANE MEDICAL HS,2012,0,0,0
610561,CRANE MEDICAL HS,2013,0,0,0
610561,CRANE MEDICAL HS,2014,0,0,0
610561,CRANE MEDICAL HS,2015,0,0,0
610561,CRANE MEDICAL HS,2017,120,105,0.875
610561,CRANE MEDICAL HS,2018,121,92,0.76
610561,CRANE MEDICAL HS,2019,123,97,0.789
610561,CRANE MEDICAL HS,2020,106,80,0.755
610561,CRANE MEDICAL HS,2016,0,0,0
610563,BACK OF THE YARDS HS,2010,0,0,0
610563,BACK OF THE YARDS HS,2011,0,0,0
610563,BACK OF THE YARDS HS,2012,0,0,0
610563,BACK OF THE YARDS HS,2013,0,0,0
610563,BACK OF THE YARDS HS,2014,0,0,0
610563,BACK OF THE YARDS HS,2015,0,0,0
610563,BACK OF THE YARDS HS,2017,243,178,0.733
610563,BACK OF THE YARDS HS,2018,250,210,0.84
610563,BACK OF THE YARDS HS,2019,237,191,0.806
610563,BACK OF THE YARDS HS,2020,261,208,0.797
610563,BACK OF THE YARDS HS,2016,0,0,0
610564,DISNEY II HS,2010,0,0,0
610564,DISNEY II HS,2011,0,0,0
610564,DISNEY II HS,2012,0,0,0
610564,DISNEY II HS,2013,0,0,0
610564,DISNEY II HS,2014,0,0,0
610564,DISNEY II HS,2015,0,0,0
610564,DISNEY II HS,2017,106,99,0.934
610564,DISNEY II HS,2018,92,74,0.804
610564,DISNEY II HS,2019,82,69,0.841
610564,DISNEY II HS,2020,105,78,0.743
610564,DISNEY II HS,2016,0,0,0
610565,CAMELOT - EXCEL ENGLEWOOD HS,2010,0,0,0
610565,CAMELOT - EXCEL ENGLEWOOD HS,2011,0,0,0
610565,CAMELOT - EXCEL ENGLEWOOD HS,2012,0,0,0
610565,CAMELOT - EXCEL ENGLEWOOD HS,2013,0,0,0
610565,CAMELOT - EXCEL ENGLEWOOD HS,2014,40,4,0.1
610565,CAMELOT - EXCEL ENGLEWOOD HS,2015,77,6,0.078
610565,CAMELOT - EXCEL ENGLEWOOD HS,2017,62,9,0.145
610565,CAMELOT - EXCEL ENGLEWOOD HS,2018,65,8,0.123
610565,CAMELOT - EXCEL ENGLEWOOD HS,2019,65,11,0.169
610565,CAMELOT - EXCEL ENGLEWOOD HS,2020,73,8,0.11
610565,CAMELOT - EXCEL ENGLEWOOD HS,2016,65,15,0.231
610568,PATHWAYS - AVONDALE HS,2010,0,0,0
610568,PATHWAYS - AVONDALE HS,2011,0,0,0
610568,PATHWAYS - AVONDALE HS,2012,0,0,0
610568,PATHWAYS - AVONDALE HS,2013,0,0,0
610568,PATHWAYS - AVONDALE HS,2014,51,10,0.196
610568,PATHWAYS - AVONDALE HS,2015,54,9,0.167
610568,PATHWAYS - AVONDALE HS,2017,61,16,0.262
610568,PATHWAYS - AVONDALE HS,2018,76,18,0.237
610568,PATHWAYS - AVONDALE HS,2019,56,15,0.268
610568,PATHWAYS - AVONDALE HS,2020,60,11,0.183
610568,PATHWAYS - AVONDALE HS,2016,75,16,0.213
610569,OMBUDSMAN - NORTHWEST HS,2010,0,0,0
610569,OMBUDSMAN - NORTHWEST HS,2011,0,0,0
610569,OMBUDSMAN - NORTHWEST HS,2012,0,0,0
610569,OMBUDSMAN - NORTHWEST HS,2013,0,0,0
610569,OMBUDSMAN - NORTHWEST HS,2014,7,,
610569,OMBUDSMAN - NORTHWEST HS,2015,45,17,0.378
610569,OMBUDSMAN - NORTHWEST HS,2017,64,25,0.391
610569,OMBUDSMAN - NORTHWEST HS,2018,59,17,0.288
610569,OMBUDSMAN - NORTHWEST HS,2019,66,22,0.333
610569,OMBUDSMAN - NORTHWEST HS,2020,74,17,0.23
610569,OMBUDSMAN - NORTHWEST HS,2016,64,12,0.188
610570,OMBUDSMAN - SOUTH HS,2010,0,0,0
610570,OMBUDSMAN - SOUTH HS,2011,0,0,0
610570,OMBUDSMAN - SOUTH HS,2012,0,0,0
610570,OMBUDSMAN - SOUTH HS,2013,0,0,0
610570,OMBUDSMAN - SOUTH HS,2014,0,0,0
610570,OMBUDSMAN - SOUTH HS,2015,39,5,0.128
610570,OMBUDSMAN - SOUTH HS,2017,78,19,0.244
610570,OMBUDSMAN - SOUTH HS,2018,95,21,0.221
610570,OMBUDSMAN - SOUTH HS,2019,88,16,0.182
610570,OMBUDSMAN - SOUTH HS,2020,90,11,0.122
610570,OMBUDSMAN - SOUTH HS,2016,89,21,0.236
610571,OMBUDSMAN - WEST HS,2010,0,0,0
610571,OMBUDSMAN - WEST HS,2011,0,0,0
610571,OMBUDSMAN - WEST HS,2012,0,0,0
610571,OMBUDSMAN - WEST HS,2013,0,0,0
610571,OMBUDSMAN - WEST HS,2014,22,3,0.136
610571,OMBUDSMAN - WEST HS,2015,54,4,0.074
610571,OMBUDSMAN - WEST HS,2017,59,11,0.186
610571,OMBUDSMAN - WEST HS,2018,44,6,0.136
610571,OMBUDSMAN - WEST HS,2019,54,16,0.296
610571,OMBUDSMAN - WEST HS,2020,43,7,0.163
610571,OMBUDSMAN - WEST HS,2016,70,11,0.157
610587,DYETT ARTS HS,2010,0,0,0
610587,DYETT ARTS HS,2011,0,0,0
610587,DYETT ARTS HS,2012,0,0,0
610587,DYETT ARTS HS,2013,0,0,0
610587,DYETT ARTS HS,2014,0,0,0
610587,DYETT ARTS HS,2015,0,0,0
610587,DYETT ARTS HS,2017,0,0,0
610587,DYETT ARTS HS,2018,0,0,0
610587,DYETT ARTS HS,2019,0,0,0
610587,DYETT ARTS HS,2020,125,71,0.568
610587,DYETT ARTS HS,2016,0,0,0
610593,OMBUDSMAN - ROSELAND HS,2010,0,0,0
610593,OMBUDSMAN - ROSELAND HS,2011,0,0,0
610593,OMBUDSMAN - ROSELAND HS,2012,0,0,0
610593,OMBUDSMAN - ROSELAND HS,2013,0,0,0
610593,OMBUDSMAN - ROSELAND HS,2014,0,0,0
610593,OMBUDSMAN - ROSELAND HS,2015,0,0,0
610593,OMBUDSMAN - ROSELAND HS,2017,0,0,0
610593,OMBUDSMAN - ROSELAND HS,2018,0,0,0
610593,OMBUDSMAN - ROSELAND HS,2019,0,0,0
610593,OMBUDSMAN - ROSELAND HS,2020,22,0,0
610593,OMBUDSMAN - ROSELAND HS,2016,0,0,0
610594,PATHWAYS - HUMBOLDT PARK HS,2010,0,0,0
610594,PATHWAYS - HUMBOLDT PARK HS,2011,0,0,0
610594,PATHWAYS - HUMBOLDT PARK HS,2012,0,0,0
610594,PATHWAYS - HUMBOLDT PARK HS,2013,0,0,0
610594,PATHWAYS - HUMBOLDT PARK HS,2014,0,0,0
610594,PATHWAYS - HUMBOLDT PARK HS,2015,0,0,0
610594,PATHWAYS - HUMBOLDT PARK HS,2017,0,0,0
610594,PATHWAYS - HUMBOLDT PARK HS,2018,0,0,0
610594,PATHWAYS - HUMBOLDT PARK HS,2019,0,0,0
610594,PATHWAYS - HUMBOLDT PARK HS,2020,10,1,0.1
610594,PATHWAYS - HUMBOLDT PARK HS,2016,0,0,0
